gene,seq1,seq2,tm_score,sequence_identity
wzg,wzg_seq36.pdb,wzg_seq48.pdb,0.59077,0.9666666666666667
wzg,wzg_seq36.pdb,wzg_seq19.pdb,0.50655,0.9812889812889813
wzg,wzg_seq36.pdb,wzg_seq12.pdb,0.47924,0.9666666666666667
wzg,wzg_seq36.pdb,wzg_seq0.pdb,0.47161,0.9563409563409564
wzg,wzg_seq36.pdb,wzg_seq27.pdb,0.42862,0.9875259875259875
wzg,wzg_seq36.pdb,wzg_seq7.pdb,0.42522,0.9646569646569647
wzg,wzg_seq36.pdb,wzg_seq59.pdb,0.50708,0.9833679833679834
wzg,wzg_seq36.pdb,wzg_seq26.pdb,0.40194,0.9625779625779626
wzg,wzg_seq36.pdb,wzg_seq2.pdb,0.36607,0.9646569646569647
wzg,wzg_seq36.pdb,wzg_seq47.pdb,0.39726,0.975051975051975
wzg,wzg_seq36.pdb,wzg_seq14.pdb,0.39411,0.9792099792099792
wzg,wzg_seq36.pdb,wzg_seq38.pdb,0.53427,0.9771309771309772
wzg,wzg_seq36.pdb,wzg_seq53.pdb,0.48851,0.9666666666666667
wzg,wzg_seq36.pdb,wzg_seq18.pdb,0.3718,0.9334719334719335
wzg,wzg_seq36.pdb,wzg_seq40.pdb,0.42597,0.9812889812889813
wzg,wzg_seq36.pdb,wzg_seq6.pdb,0.50968,0.9896049896049897
wzg,wzg_seq36.pdb,wzg_seq62.pdb,0.46061,0.9604166666666667
wzg,wzg_seq36.pdb,wzg_seq24.pdb,0.41057,0.9812889812889813
wzg,wzg_seq36.pdb,wzg_seq45.pdb,0.39234,0.9625779625779626
wzg,wzg_seq36.pdb,wzg_seq22.pdb,0.38315,0.9854469854469855
wzg,wzg_seq36.pdb,wzg_seq43.pdb,0.44735,0.975051975051975
wzg,wzg_seq36.pdb,wzg_seq9.pdb,0.43423,0.9833679833679834
wzg,wzg_seq36.pdb,wzg_seq52.pdb,0.67215,0.9666666666666667
wzg,wzg_seq36.pdb,wzg_seq15.pdb,0.51593,0.9792099792099792
wzg,wzg_seq36.pdb,wzg_seq42.pdb,0.45469,0.9854469854469855
wzg,wzg_seq36.pdb,wzg_seq21.pdb,0.5467,0.9771309771309772
wzg,wzg_seq36.pdb,wzg_seq50.pdb,0.47416,0.9625
wzg,wzg_seq36.pdb,wzg_seq60.pdb,0.43464,0.9541666666666667
wzg,wzg_seq36.pdb,wzg_seq32.pdb,0.57949,0.9521829521829522
wzg,wzg_seq36.pdb,wzg_seq16.pdb,0.43506,0.9812889812889813
wzg,wzg_seq36.pdb,wzg_seq39.pdb,0.4929,0.9812889812889813
wzg,wzg_seq36.pdb,wzg_seq34.pdb,0.43834,0.9501039501039501
wzg,wzg_seq36.pdb,wzg_seq25.pdb,0.48747,0.9812889812889813
wzg,wzg_seq36.pdb,wzg_seq49.pdb,0.55207,0.9875259875259875
wzg,wzg_seq36.pdb,wzg_seq1.pdb,0.50974,0.9625
wzg,wzg_seq36.pdb,wzg_seq54.pdb,0.68803,0.9645833333333333
wzg,wzg_seq36.pdb,wzg_seq13.pdb,0.47655,0.9625
wzg,wzg_seq36.pdb,wzg_seq58.pdb,0.65734,0.9812889812889813
wzg,wzg_seq36.pdb,wzg_seq10.pdb,0.41104,0.9812889812889813
wzg,wzg_seq36.pdb,wzg_seq51.pdb,0.47874,0.9875259875259875
wzg,wzg_seq36.pdb,wzg_seq17.pdb,0.42458,0.9355509355509356
wzg,wzg_seq36.pdb,wzg_seq33.pdb,0.54491,0.9812889812889813
wzg,wzg_seq36.pdb,wzg_seq30.pdb,0.53033,0.9459459459459459
wzg,wzg_seq36.pdb,wzg_seq8.pdb,0.45772,0.9812889812889813
wzg,wzg_seq36.pdb,wzg_seq44.pdb,0.3065,0.6784968684759917
wzg,wzg_seq36.pdb,wzg_seq37.pdb,0.43262,0.9667359667359667
wzg,wzg_seq36.pdb,wzg_seq4.pdb,0.49831,0.9792099792099792
wzg,wzg_seq36.pdb,wzg_seq46.pdb,0.38957,0.975051975051975
wzg,wzg_seq36.pdb,wzg_seq55.pdb,0.44512,0.9625779625779626
wzg,wzg_seq36.pdb,wzg_seq57.pdb,0.29376,0.6784968684759917
wzg,wzg_seq36.pdb,wzg_seq28.pdb,0.57452,0.9583333333333334
wzg,wzg_seq36.pdb,wzg_seq35.pdb,0.41794,0.9833679833679834
wzg,wzg_seq36.pdb,wzg_seq63.pdb,0.38511,0.9771309771309772
wzg,wzg_seq36.pdb,wzg_seq3.pdb,0.36146,0.9646569646569647
wzg,wzg_seq36.pdb,wzg_seq29.pdb,0.49683,0.9645833333333333
wzg,wzg_seq36.pdb,wzg_seq31.pdb,0.51075,0.9521829521829522
wzg,wzg_seq36.pdb,wzg_seq61.pdb,0.50927,0.9833679833679834
wzg,wzg_seq36.pdb,wzg_seq20.pdb,0.65119,0.972972972972973
wzg,wzg_seq36.pdb,wzg_seq41.pdb,0.57542,0.96875
wzg,wzg_seq36.pdb,wzg_seq23.pdb,0.44957,0.9604989604989606
wzg,wzg_seq36.pdb,wzg_seq11.pdb,0.62621,0.9812889812889813
wzg,wzg_seq36.pdb,wzg_seq5.pdb,0.46779,0.9792099792099792
wzg,wzg_seq36.pdb,wzg_seq56.pdb,0.44553,0.9583333333333334
wzg,wzg_seq48.pdb,wzg_seq19.pdb,0.44096,0.96875
wzg,wzg_seq48.pdb,wzg_seq12.pdb,0.37496,0.9916839916839917
wzg,wzg_seq48.pdb,wzg_seq0.pdb,0.39999,0.9458333333333333
wzg,wzg_seq48.pdb,wzg_seq27.pdb,0.46626,0.9708333333333333
wzg,wzg_seq48.pdb,wzg_seq7.pdb,0.39064,0.9520833333333333
wzg,wzg_seq48.pdb,wzg_seq59.pdb,0.54211,0.9708333333333333
wzg,wzg_seq48.pdb,wzg_seq26.pdb,0.4371,0.9479166666666666
wzg,wzg_seq48.pdb,wzg_seq2.pdb,0.39234,0.954070981210856
wzg,wzg_seq48.pdb,wzg_seq47.pdb,0.34396,0.9666666666666667
wzg,wzg_seq48.pdb,wzg_seq14.pdb,0.36202,0.9708333333333333
wzg,wzg_seq48.pdb,wzg_seq38.pdb,0.52412,0.9708333333333333
wzg,wzg_seq48.pdb,wzg_seq53.pdb,0.43836,0.9916839916839917
wzg,wzg_seq48.pdb,wzg_seq18.pdb,0.3732,0.9355509355509356
wzg,wzg_seq48.pdb,wzg_seq40.pdb,0.37071,0.9729166666666667
wzg,wzg_seq48.pdb,wzg_seq6.pdb,0.59755,0.96875
wzg,wzg_seq48.pdb,wzg_seq62.pdb,0.49112,0.9854469854469855
wzg,wzg_seq48.pdb,wzg_seq24.pdb,0.41408,0.9708333333333333
wzg,wzg_seq48.pdb,wzg_seq45.pdb,0.33864,0.9479166666666666
wzg,wzg_seq48.pdb,wzg_seq22.pdb,0.343,0.9729166666666667
wzg,wzg_seq48.pdb,wzg_seq43.pdb,0.43925,0.9666666666666667
wzg,wzg_seq48.pdb,wzg_seq9.pdb,0.55179,0.9708333333333333
wzg,wzg_seq48.pdb,wzg_seq52.pdb,0.46978,1.0
wzg,wzg_seq48.pdb,wzg_seq15.pdb,0.43017,0.9708333333333333
wzg,wzg_seq48.pdb,wzg_seq42.pdb,0.37695,0.9729166666666667
wzg,wzg_seq48.pdb,wzg_seq21.pdb,0.51749,0.9729166666666667
wzg,wzg_seq48.pdb,wzg_seq50.pdb,0.46719,0.9958419958419958
wzg,wzg_seq48.pdb,wzg_seq60.pdb,0.47072,0.972972972972973
wzg,wzg_seq48.pdb,wzg_seq32.pdb,0.55878,0.9375
wzg,wzg_seq48.pdb,wzg_seq16.pdb,0.40539,0.96875
wzg,wzg_seq48.pdb,wzg_seq39.pdb,0.43844,0.9729166666666667
wzg,wzg_seq48.pdb,wzg_seq34.pdb,0.36069,0.95
wzg,wzg_seq48.pdb,wzg_seq25.pdb,0.4959,0.9708333333333333
wzg,wzg_seq48.pdb,wzg_seq49.pdb,0.52563,0.9708333333333333
wzg,wzg_seq48.pdb,wzg_seq1.pdb,0.50799,0.9875259875259875
wzg,wzg_seq48.pdb,wzg_seq54.pdb,0.53815,0.997920997920998
wzg,wzg_seq48.pdb,wzg_seq13.pdb,0.53898,0.9854469854469855
wzg,wzg_seq48.pdb,wzg_seq58.pdb,0.50836,0.9729166666666667
wzg,wzg_seq48.pdb,wzg_seq10.pdb,0.35462,0.9667359667359667
wzg,wzg_seq48.pdb,wzg_seq51.pdb,0.54045,0.975
wzg,wzg_seq48.pdb,wzg_seq17.pdb,0.36399,0.9376299376299376
wzg,wzg_seq48.pdb,wzg_seq33.pdb,0.59337,0.96875
wzg,wzg_seq48.pdb,wzg_seq30.pdb,0.5362,0.93125
wzg,wzg_seq48.pdb,wzg_seq8.pdb,0.58343,0.9729166666666667
wzg,wzg_seq48.pdb,wzg_seq44.pdb,0.32876,0.6841004184100419
wzg,wzg_seq48.pdb,wzg_seq37.pdb,0.36338,0.9520833333333333
wzg,wzg_seq48.pdb,wzg_seq4.pdb,0.38544,0.96875
wzg,wzg_seq48.pdb,wzg_seq46.pdb,0.35181,0.9666666666666667
wzg,wzg_seq48.pdb,wzg_seq55.pdb,0.4447,0.9479166666666666
wzg,wzg_seq48.pdb,wzg_seq57.pdb,0.24138,0.6841004184100419
wzg,wzg_seq48.pdb,wzg_seq28.pdb,0.70223,0.9854469854469855
wzg,wzg_seq48.pdb,wzg_seq35.pdb,0.36328,0.9666666666666667
wzg,wzg_seq48.pdb,wzg_seq63.pdb,0.36479,0.975
wzg,wzg_seq48.pdb,wzg_seq3.pdb,0.34729,0.9519832985386222
wzg,wzg_seq48.pdb,wzg_seq29.pdb,0.53395,0.997920997920998
wzg,wzg_seq48.pdb,wzg_seq31.pdb,0.40949,0.9375
wzg,wzg_seq48.pdb,wzg_seq61.pdb,0.51154,0.9708333333333333
wzg,wzg_seq48.pdb,wzg_seq20.pdb,0.57047,0.9729166666666667
wzg,wzg_seq48.pdb,wzg_seq41.pdb,0.72643,0.9937629937629938
wzg,wzg_seq48.pdb,wzg_seq23.pdb,0.416,0.9458333333333333
wzg,wzg_seq48.pdb,wzg_seq11.pdb,0.43625,0.9729166666666667
wzg,wzg_seq48.pdb,wzg_seq5.pdb,0.37825,0.9583333333333334
wzg,wzg_seq48.pdb,wzg_seq56.pdb,0.42424,0.9812889812889813
wzg,wzg_seq19.pdb,wzg_seq12.pdb,0.45552,0.9645833333333333
wzg,wzg_seq19.pdb,wzg_seq0.pdb,0.3525,0.9501039501039501
wzg,wzg_seq19.pdb,wzg_seq27.pdb,0.54821,0.9854469854469855
wzg,wzg_seq19.pdb,wzg_seq7.pdb,0.39336,0.9584199584199584
wzg,wzg_seq19.pdb,wzg_seq59.pdb,0.44352,0.9771309771309772
wzg,wzg_seq19.pdb,wzg_seq26.pdb,0.39416,0.9563409563409564
wzg,wzg_seq19.pdb,wzg_seq2.pdb,0.34314,0.9584199584199584
wzg,wzg_seq19.pdb,wzg_seq47.pdb,0.36637,0.9688149688149689
wzg,wzg_seq19.pdb,wzg_seq14.pdb,0.3767,0.972972972972973
wzg,wzg_seq19.pdb,wzg_seq38.pdb,0.40683,0.975051975051975
wzg,wzg_seq19.pdb,wzg_seq53.pdb,0.37712,0.96875
wzg,wzg_seq19.pdb,wzg_seq18.pdb,0.41022,0.9438669438669439
wzg,wzg_seq19.pdb,wzg_seq40.pdb,0.38347,0.9792099792099792
wzg,wzg_seq19.pdb,wzg_seq6.pdb,0.45987,0.9833679833679834
wzg,wzg_seq19.pdb,wzg_seq62.pdb,0.35639,0.9583333333333334
wzg,wzg_seq19.pdb,wzg_seq24.pdb,0.36931,0.9792099792099792
wzg,wzg_seq19.pdb,wzg_seq45.pdb,0.33722,0.9563409563409564
wzg,wzg_seq19.pdb,wzg_seq22.pdb,0.34136,0.9833679833679834
wzg,wzg_seq19.pdb,wzg_seq43.pdb,0.46097,0.9688149688149689
wzg,wzg_seq19.pdb,wzg_seq9.pdb,0.45511,0.9771309771309772
wzg,wzg_seq19.pdb,wzg_seq52.pdb,0.4216,0.96875
wzg,wzg_seq19.pdb,wzg_seq15.pdb,0.46354,0.972972972972973
wzg,wzg_seq19.pdb,wzg_seq42.pdb,0.44756,0.9833679833679834
wzg,wzg_seq19.pdb,wzg_seq21.pdb,0.42499,0.975051975051975
wzg,wzg_seq19.pdb,wzg_seq50.pdb,0.39069,0.9645833333333333
wzg,wzg_seq19.pdb,wzg_seq60.pdb,0.35985,0.95
wzg,wzg_seq19.pdb,wzg_seq32.pdb,0.52945,0.9459459459459459
wzg,wzg_seq19.pdb,wzg_seq16.pdb,0.41831,1.0
wzg,wzg_seq19.pdb,wzg_seq39.pdb,0.47138,0.9792099792099792
wzg,wzg_seq19.pdb,wzg_seq34.pdb,0.41875,0.9646569646569647
wzg,wzg_seq19.pdb,wzg_seq25.pdb,0.40559,0.9792099792099792
wzg,wzg_seq19.pdb,wzg_seq49.pdb,0.41192,0.9771309771309772
wzg,wzg_seq19.pdb,wzg_seq1.pdb,0.47832,0.9604166666666667
wzg,wzg_seq19.pdb,wzg_seq54.pdb,0.4082,0.9666666666666667
wzg,wzg_seq19.pdb,wzg_seq13.pdb,0.42561,0.9604166666666667
wzg,wzg_seq19.pdb,wzg_seq58.pdb,0.39064,0.975051975051975
wzg,wzg_seq19.pdb,wzg_seq10.pdb,0.39041,0.975051975051975
wzg,wzg_seq19.pdb,wzg_seq51.pdb,0.44099,0.9812889812889813
wzg,wzg_seq19.pdb,wzg_seq17.pdb,0.36103,0.9459459459459459
wzg,wzg_seq19.pdb,wzg_seq33.pdb,0.50361,1.0
wzg,wzg_seq19.pdb,wzg_seq30.pdb,0.47713,0.9397089397089398
wzg,wzg_seq19.pdb,wzg_seq8.pdb,0.45575,0.975051975051975
wzg,wzg_seq19.pdb,wzg_seq44.pdb,0.29164,0.6784968684759917
wzg,wzg_seq19.pdb,wzg_seq37.pdb,0.38211,0.9604989604989606
wzg,wzg_seq19.pdb,wzg_seq4.pdb,0.42916,0.972972972972973
wzg,wzg_seq19.pdb,wzg_seq46.pdb,0.34539,0.9688149688149689
wzg,wzg_seq19.pdb,wzg_seq55.pdb,0.44207,0.9563409563409564
wzg,wzg_seq19.pdb,wzg_seq57.pdb,0.28554,0.6784968684759917
wzg,wzg_seq19.pdb,wzg_seq28.pdb,0.49017,0.9604166666666667
wzg,wzg_seq19.pdb,wzg_seq35.pdb,0.39198,0.9771309771309772
wzg,wzg_seq19.pdb,wzg_seq63.pdb,0.35726,0.975051975051975
wzg,wzg_seq19.pdb,wzg_seq3.pdb,0.31215,0.9584199584199584
wzg,wzg_seq19.pdb,wzg_seq29.pdb,0.52441,0.9666666666666667
wzg,wzg_seq19.pdb,wzg_seq31.pdb,0.44436,0.9459459459459459
wzg,wzg_seq19.pdb,wzg_seq61.pdb,0.48847,0.9812889812889813
wzg,wzg_seq19.pdb,wzg_seq20.pdb,0.47309,0.9708939708939709
wzg,wzg_seq19.pdb,wzg_seq41.pdb,0.53761,0.9708333333333333
wzg,wzg_seq19.pdb,wzg_seq23.pdb,0.41539,0.9542619542619543
wzg,wzg_seq19.pdb,wzg_seq11.pdb,0.39398,0.975051975051975
wzg,wzg_seq19.pdb,wzg_seq5.pdb,0.42117,0.972972972972973
wzg,wzg_seq19.pdb,wzg_seq56.pdb,0.37028,0.95625
wzg,wzg_seq12.pdb,wzg_seq0.pdb,0.32759,0.9416666666666667
wzg,wzg_seq12.pdb,wzg_seq27.pdb,0.39377,0.9708333333333333
wzg,wzg_seq12.pdb,wzg_seq7.pdb,0.41279,0.9520833333333333
wzg,wzg_seq12.pdb,wzg_seq59.pdb,0.36743,0.9708333333333333
wzg,wzg_seq12.pdb,wzg_seq26.pdb,0.4205,0.9479166666666666
wzg,wzg_seq12.pdb,wzg_seq2.pdb,0.39304,0.954070981210856
wzg,wzg_seq12.pdb,wzg_seq47.pdb,0.40578,0.9666666666666667
wzg,wzg_seq12.pdb,wzg_seq14.pdb,0.39638,0.9708333333333333
wzg,wzg_seq12.pdb,wzg_seq38.pdb,0.37075,0.9645833333333333
wzg,wzg_seq12.pdb,wzg_seq53.pdb,0.48624,0.9875259875259875
wzg,wzg_seq12.pdb,wzg_seq18.pdb,0.41752,0.9313929313929314
wzg,wzg_seq12.pdb,wzg_seq40.pdb,0.37077,0.96875
wzg,wzg_seq12.pdb,wzg_seq6.pdb,0.36669,0.96875
wzg,wzg_seq12.pdb,wzg_seq62.pdb,0.43563,0.9812889812889813
wzg,wzg_seq12.pdb,wzg_seq24.pdb,0.3173,0.9666666666666667
wzg,wzg_seq12.pdb,wzg_seq45.pdb,0.44931,0.9479166666666666
wzg,wzg_seq12.pdb,wzg_seq22.pdb,0.34284,0.96875
wzg,wzg_seq12.pdb,wzg_seq43.pdb,0.43149,0.9666666666666667
wzg,wzg_seq12.pdb,wzg_seq9.pdb,0.37873,0.9708333333333333
wzg,wzg_seq12.pdb,wzg_seq52.pdb,0.48235,0.9916839916839917
wzg,wzg_seq12.pdb,wzg_seq15.pdb,0.40884,0.9708333333333333
wzg,wzg_seq12.pdb,wzg_seq42.pdb,0.43314,0.96875
wzg,wzg_seq12.pdb,wzg_seq21.pdb,0.40487,0.9645833333333333
wzg,wzg_seq12.pdb,wzg_seq50.pdb,0.35873,0.9875259875259875
wzg,wzg_seq12.pdb,wzg_seq60.pdb,0.38543,0.9708939708939709
wzg,wzg_seq12.pdb,wzg_seq32.pdb,0.43974,0.9375
wzg,wzg_seq12.pdb,wzg_seq16.pdb,0.42773,0.9645833333333333
wzg,wzg_seq12.pdb,wzg_seq39.pdb,0.4073,0.96875
wzg,wzg_seq12.pdb,wzg_seq34.pdb,0.38168,0.9479166666666666
wzg,wzg_seq12.pdb,wzg_seq25.pdb,0.34148,0.9666666666666667
wzg,wzg_seq12.pdb,wzg_seq49.pdb,0.46014,0.9708333333333333
wzg,wzg_seq12.pdb,wzg_seq1.pdb,0.51997,0.9916839916839917
wzg,wzg_seq12.pdb,wzg_seq54.pdb,0.41593,0.9896049896049897
wzg,wzg_seq12.pdb,wzg_seq13.pdb,0.46261,0.9812889812889813
wzg,wzg_seq12.pdb,wzg_seq58.pdb,0.4173,0.9729166666666667
wzg,wzg_seq12.pdb,wzg_seq10.pdb,0.37551,0.9667359667359667
wzg,wzg_seq12.pdb,wzg_seq51.pdb,0.37984,0.975
wzg,wzg_seq12.pdb,wzg_seq17.pdb,0.40626,0.9334719334719335
wzg,wzg_seq12.pdb,wzg_seq33.pdb,0.4321,0.9645833333333333
wzg,wzg_seq12.pdb,wzg_seq30.pdb,0.44103,0.93125
wzg,wzg_seq12.pdb,wzg_seq8.pdb,0.34958,0.96875
wzg,wzg_seq12.pdb,wzg_seq44.pdb,0.33521,0.6841004184100419
wzg,wzg_seq12.pdb,wzg_seq37.pdb,0.42444,0.9520833333333333
wzg,wzg_seq12.pdb,wzg_seq4.pdb,0.39273,0.96875
wzg,wzg_seq12.pdb,wzg_seq46.pdb,0.35542,0.9666666666666667
wzg,wzg_seq12.pdb,wzg_seq55.pdb,0.38555,0.9479166666666666
wzg,wzg_seq12.pdb,wzg_seq57.pdb,0.25786,0.6841004184100419
wzg,wzg_seq12.pdb,wzg_seq28.pdb,0.4399,0.9812889812889813
wzg,wzg_seq12.pdb,wzg_seq35.pdb,0.44041,0.9666666666666667
wzg,wzg_seq12.pdb,wzg_seq63.pdb,0.3766,0.96875
wzg,wzg_seq12.pdb,wzg_seq3.pdb,0.36082,0.9519832985386222
wzg,wzg_seq12.pdb,wzg_seq29.pdb,0.39883,0.9896049896049897
wzg,wzg_seq12.pdb,wzg_seq31.pdb,0.44176,0.9375
wzg,wzg_seq12.pdb,wzg_seq61.pdb,0.36281,0.9625
wzg,wzg_seq12.pdb,wzg_seq20.pdb,0.43016,0.9645833333333333
wzg,wzg_seq12.pdb,wzg_seq41.pdb,0.41387,0.9896049896049897
wzg,wzg_seq12.pdb,wzg_seq23.pdb,0.43704,0.9458333333333333
wzg,wzg_seq12.pdb,wzg_seq11.pdb,0.45929,0.96875
wzg,wzg_seq12.pdb,wzg_seq5.pdb,0.40777,0.9583333333333334
wzg,wzg_seq12.pdb,wzg_seq56.pdb,0.43696,0.9812889812889813
wzg,wzg_seq0.pdb,wzg_seq27.pdb,0.3576,0.9563409563409564
wzg,wzg_seq0.pdb,wzg_seq7.pdb,0.38603,0.9563409563409564
wzg,wzg_seq0.pdb,wzg_seq59.pdb,0.41603,0.9604989604989606
wzg,wzg_seq0.pdb,wzg_seq26.pdb,0.36567,0.9792099792099792
wzg,wzg_seq0.pdb,wzg_seq2.pdb,0.43932,0.9771309771309772
wzg,wzg_seq0.pdb,wzg_seq47.pdb,0.36569,0.975051975051975
wzg,wzg_seq0.pdb,wzg_seq14.pdb,0.43098,0.9563409563409564
wzg,wzg_seq0.pdb,wzg_seq38.pdb,0.36506,0.9521829521829522
wzg,wzg_seq0.pdb,wzg_seq53.pdb,0.32837,0.9375
wzg,wzg_seq0.pdb,wzg_seq18.pdb,0.35278,0.9043659043659044
wzg,wzg_seq0.pdb,wzg_seq40.pdb,0.57175,0.9584199584199584
wzg,wzg_seq0.pdb,wzg_seq6.pdb,0.48192,0.9584199584199584
wzg,wzg_seq0.pdb,wzg_seq62.pdb,0.37517,0.9458333333333333
wzg,wzg_seq0.pdb,wzg_seq24.pdb,0.52708,0.9563409563409564
wzg,wzg_seq0.pdb,wzg_seq45.pdb,0.51391,0.9792099792099792
wzg,wzg_seq0.pdb,wzg_seq22.pdb,0.43272,0.9604989604989606
wzg,wzg_seq0.pdb,wzg_seq43.pdb,0.33755,0.9542619542619543
wzg,wzg_seq0.pdb,wzg_seq9.pdb,0.38428,0.9542619542619543
wzg,wzg_seq0.pdb,wzg_seq52.pdb,0.37795,0.9458333333333333
wzg,wzg_seq0.pdb,wzg_seq15.pdb,0.39569,0.9563409563409564
wzg,wzg_seq0.pdb,wzg_seq42.pdb,0.32298,0.9604989604989606
wzg,wzg_seq0.pdb,wzg_seq21.pdb,0.36183,0.9542619542619543
wzg,wzg_seq0.pdb,wzg_seq50.pdb,0.40306,0.9458333333333333
wzg,wzg_seq0.pdb,wzg_seq60.pdb,0.39252,0.9229166666666667
wzg,wzg_seq0.pdb,wzg_seq32.pdb,0.37177,0.9667359667359667
wzg,wzg_seq0.pdb,wzg_seq16.pdb,0.39156,0.9501039501039501
wzg,wzg_seq0.pdb,wzg_seq39.pdb,0.36525,0.9584199584199584
wzg,wzg_seq0.pdb,wzg_seq34.pdb,0.45325,0.9251559251559252
wzg,wzg_seq0.pdb,wzg_seq25.pdb,0.36916,0.9563409563409564
wzg,wzg_seq0.pdb,wzg_seq49.pdb,0.39433,0.9584199584199584
wzg,wzg_seq0.pdb,wzg_seq1.pdb,0.38264,0.9416666666666667
wzg,wzg_seq0.pdb,wzg_seq54.pdb,0.41338,0.94375
wzg,wzg_seq0.pdb,wzg_seq13.pdb,0.35536,0.93125
wzg,wzg_seq0.pdb,wzg_seq58.pdb,0.42507,0.9563409563409564
wzg,wzg_seq0.pdb,wzg_seq10.pdb,0.41203,0.9521829521829522
wzg,wzg_seq0.pdb,wzg_seq51.pdb,0.47677,0.9625779625779626
wzg,wzg_seq0.pdb,wzg_seq17.pdb,0.47339,0.9064449064449065
wzg,wzg_seq0.pdb,wzg_seq33.pdb,0.39553,0.9501039501039501
wzg,wzg_seq0.pdb,wzg_seq30.pdb,0.42952,0.9604989604989606
wzg,wzg_seq0.pdb,wzg_seq8.pdb,0.39698,0.9563409563409564
wzg,wzg_seq0.pdb,wzg_seq44.pdb,0.30508,0.689727463312369
wzg,wzg_seq0.pdb,wzg_seq37.pdb,0.53644,0.9833679833679834
wzg,wzg_seq0.pdb,wzg_seq4.pdb,0.55747,0.9542619542619543
wzg,wzg_seq0.pdb,wzg_seq46.pdb,0.4918,0.9542619542619543
wzg,wzg_seq0.pdb,wzg_seq55.pdb,0.47367,0.9792099792099792
wzg,wzg_seq0.pdb,wzg_seq57.pdb,0.29049,0.689727463312369
wzg,wzg_seq0.pdb,wzg_seq28.pdb,0.35863,0.93125
wzg,wzg_seq0.pdb,wzg_seq35.pdb,0.416,0.9625779625779626
wzg,wzg_seq0.pdb,wzg_seq63.pdb,0.41088,0.9542619542619543
wzg,wzg_seq0.pdb,wzg_seq3.pdb,0.39497,0.9771309771309772
wzg,wzg_seq0.pdb,wzg_seq29.pdb,0.38639,0.9458333333333333
wzg,wzg_seq0.pdb,wzg_seq31.pdb,0.36704,0.9667359667359667
wzg,wzg_seq0.pdb,wzg_seq61.pdb,0.37838,0.9584199584199584
wzg,wzg_seq0.pdb,wzg_seq20.pdb,0.35218,0.9604989604989606
wzg,wzg_seq0.pdb,wzg_seq41.pdb,0.37744,0.9416666666666667
wzg,wzg_seq0.pdb,wzg_seq23.pdb,0.46801,0.9771309771309772
wzg,wzg_seq0.pdb,wzg_seq11.pdb,0.42393,0.9563409563409564
wzg,wzg_seq0.pdb,wzg_seq5.pdb,0.49019,0.9521829521829522
wzg,wzg_seq0.pdb,wzg_seq56.pdb,0.45048,0.9333333333333333
wzg,wzg_seq27.pdb,wzg_seq7.pdb,0.36501,0.9646569646569647
wzg,wzg_seq27.pdb,wzg_seq59.pdb,0.54427,0.9833679833679834
wzg,wzg_seq27.pdb,wzg_seq26.pdb,0.49575,0.9625779625779626
wzg,wzg_seq27.pdb,wzg_seq2.pdb,0.37304,0.9646569646569647
wzg,wzg_seq27.pdb,wzg_seq47.pdb,0.40152,0.975051975051975
wzg,wzg_seq27.pdb,wzg_seq14.pdb,0.4225,0.9792099792099792
wzg,wzg_seq27.pdb,wzg_seq38.pdb,0.50657,0.9771309771309772
wzg,wzg_seq27.pdb,wzg_seq53.pdb,0.35242,0.9708333333333333
wzg,wzg_seq27.pdb,wzg_seq18.pdb,0.45682,0.9334719334719335
wzg,wzg_seq27.pdb,wzg_seq40.pdb,0.3591,0.9812889812889813
wzg,wzg_seq27.pdb,wzg_seq6.pdb,0.48733,0.9896049896049897
wzg,wzg_seq27.pdb,wzg_seq62.pdb,0.40862,0.9666666666666667
wzg,wzg_seq27.pdb,wzg_seq24.pdb,0.40863,0.9812889812889813
wzg,wzg_seq27.pdb,wzg_seq45.pdb,0.35696,0.9625779625779626
wzg,wzg_seq27.pdb,wzg_seq22.pdb,0.34091,0.9854469854469855
wzg,wzg_seq27.pdb,wzg_seq43.pdb,0.39594,0.975051975051975
wzg,wzg_seq27.pdb,wzg_seq9.pdb,0.46465,0.9875259875259875
wzg,wzg_seq27.pdb,wzg_seq52.pdb,0.43085,0.9708333333333333
wzg,wzg_seq27.pdb,wzg_seq15.pdb,0.43975,0.9792099792099792
wzg,wzg_seq27.pdb,wzg_seq42.pdb,0.34762,0.9854469854469855
wzg,wzg_seq27.pdb,wzg_seq21.pdb,0.56237,0.9771309771309772
wzg,wzg_seq27.pdb,wzg_seq50.pdb,0.38994,0.9666666666666667
wzg,wzg_seq27.pdb,wzg_seq60.pdb,0.40175,0.9583333333333334
wzg,wzg_seq27.pdb,wzg_seq32.pdb,0.50773,0.9521829521829522
wzg,wzg_seq27.pdb,wzg_seq16.pdb,0.39544,0.9854469854469855
wzg,wzg_seq27.pdb,wzg_seq39.pdb,0.43158,0.9812889812889813
wzg,wzg_seq27.pdb,wzg_seq34.pdb,0.36883,0.9542619542619543
wzg,wzg_seq27.pdb,wzg_seq25.pdb,0.56458,0.9812889812889813
wzg,wzg_seq27.pdb,wzg_seq49.pdb,0.32534,0.9833679833679834
wzg,wzg_seq27.pdb,wzg_seq1.pdb,0.42376,0.9666666666666667
wzg,wzg_seq27.pdb,wzg_seq54.pdb,0.52867,0.96875
wzg,wzg_seq27.pdb,wzg_seq13.pdb,0.36259,0.9625
wzg,wzg_seq27.pdb,wzg_seq58.pdb,0.4361,0.9854469854469855
wzg,wzg_seq27.pdb,wzg_seq10.pdb,0.34317,0.9854469854469855
wzg,wzg_seq27.pdb,wzg_seq51.pdb,0.38477,0.9875259875259875
wzg,wzg_seq27.pdb,wzg_seq17.pdb,0.36037,0.9355509355509356
wzg,wzg_seq27.pdb,wzg_seq33.pdb,0.49016,0.9854469854469855
wzg,wzg_seq27.pdb,wzg_seq30.pdb,0.41447,0.9459459459459459
wzg,wzg_seq27.pdb,wzg_seq8.pdb,0.49105,0.9812889812889813
wzg,wzg_seq27.pdb,wzg_seq44.pdb,0.29943,0.6784968684759917
wzg,wzg_seq27.pdb,wzg_seq37.pdb,0.3804,0.9667359667359667
wzg,wzg_seq27.pdb,wzg_seq4.pdb,0.36575,0.9792099792099792
wzg,wzg_seq27.pdb,wzg_seq46.pdb,0.3596,0.975051975051975
wzg,wzg_seq27.pdb,wzg_seq55.pdb,0.37632,0.9625779625779626
wzg,wzg_seq27.pdb,wzg_seq57.pdb,0.30876,0.6784968684759917
wzg,wzg_seq27.pdb,wzg_seq28.pdb,0.46105,0.9625
wzg,wzg_seq27.pdb,wzg_seq35.pdb,0.36124,0.9875259875259875
wzg,wzg_seq27.pdb,wzg_seq63.pdb,0.37535,0.9771309771309772
wzg,wzg_seq27.pdb,wzg_seq3.pdb,0.3584,0.9646569646569647
wzg,wzg_seq27.pdb,wzg_seq29.pdb,0.50632,0.96875
wzg,wzg_seq27.pdb,wzg_seq31.pdb,0.40127,0.9521829521829522
wzg,wzg_seq27.pdb,wzg_seq61.pdb,0.37715,0.9833679833679834
wzg,wzg_seq27.pdb,wzg_seq20.pdb,0.48359,0.972972972972973
wzg,wzg_seq27.pdb,wzg_seq41.pdb,0.50734,0.9729166666666667
wzg,wzg_seq27.pdb,wzg_seq23.pdb,0.36931,0.9604989604989606
wzg,wzg_seq27.pdb,wzg_seq11.pdb,0.45188,0.9812889812889813
wzg,wzg_seq27.pdb,wzg_seq5.pdb,0.36674,0.9833679833679834
wzg,wzg_seq27.pdb,wzg_seq56.pdb,0.37021,0.9625
wzg,wzg_seq7.pdb,wzg_seq59.pdb,0.35445,0.9771309771309772
wzg,wzg_seq7.pdb,wzg_seq26.pdb,0.33253,0.9667359667359667
wzg,wzg_seq7.pdb,wzg_seq2.pdb,0.35107,0.9667359667359667
wzg,wzg_seq7.pdb,wzg_seq47.pdb,0.39065,0.9771309771309772
wzg,wzg_seq7.pdb,wzg_seq14.pdb,0.34961,0.9646569646569647
wzg,wzg_seq7.pdb,wzg_seq38.pdb,0.32887,0.9625779625779626
wzg,wzg_seq7.pdb,wzg_seq53.pdb,0.40859,0.9479166666666666
wzg,wzg_seq7.pdb,wzg_seq18.pdb,0.3481,0.918918918918919
wzg,wzg_seq7.pdb,wzg_seq40.pdb,0.4637,0.9708939708939709
wzg,wzg_seq7.pdb,wzg_seq6.pdb,0.53154,0.9708939708939709
wzg,wzg_seq7.pdb,wzg_seq62.pdb,0.36799,0.95
wzg,wzg_seq7.pdb,wzg_seq24.pdb,0.4221,0.9688149688149689
wzg,wzg_seq7.pdb,wzg_seq45.pdb,0.3846,0.9667359667359667
wzg,wzg_seq7.pdb,wzg_seq22.pdb,0.33948,0.9708939708939709
wzg,wzg_seq7.pdb,wzg_seq43.pdb,0.41722,0.9625779625779626
wzg,wzg_seq7.pdb,wzg_seq9.pdb,0.38359,0.9646569646569647
wzg,wzg_seq7.pdb,wzg_seq52.pdb,0.44236,0.9520833333333333
wzg,wzg_seq7.pdb,wzg_seq15.pdb,0.40714,0.9646569646569647
wzg,wzg_seq7.pdb,wzg_seq42.pdb,0.34641,0.9708939708939709
wzg,wzg_seq7.pdb,wzg_seq21.pdb,0.39765,0.9625779625779626
wzg,wzg_seq7.pdb,wzg_seq50.pdb,0.40555,0.95
wzg,wzg_seq7.pdb,wzg_seq60.pdb,0.3692,0.9354166666666667
wzg,wzg_seq7.pdb,wzg_seq32.pdb,0.41553,0.9563409563409564
wzg,wzg_seq7.pdb,wzg_seq16.pdb,0.40915,0.9584199584199584
wzg,wzg_seq7.pdb,wzg_seq39.pdb,0.43342,0.9708939708939709
wzg,wzg_seq7.pdb,wzg_seq34.pdb,0.52203,0.9355509355509356
wzg,wzg_seq7.pdb,wzg_seq25.pdb,0.37032,0.9688149688149689
wzg,wzg_seq7.pdb,wzg_seq49.pdb,0.48239,0.9688149688149689
wzg,wzg_seq7.pdb,wzg_seq1.pdb,0.43431,0.9520833333333333
wzg,wzg_seq7.pdb,wzg_seq54.pdb,0.34863,0.95
wzg,wzg_seq7.pdb,wzg_seq13.pdb,0.34578,0.9416666666666667
wzg,wzg_seq7.pdb,wzg_seq58.pdb,0.36809,0.9667359667359667
wzg,wzg_seq7.pdb,wzg_seq10.pdb,0.55531,0.9625779625779626
wzg,wzg_seq7.pdb,wzg_seq51.pdb,0.49921,0.972972972972973
wzg,wzg_seq7.pdb,wzg_seq17.pdb,0.47049,0.920997920997921
wzg,wzg_seq7.pdb,wzg_seq33.pdb,0.41956,0.9584199584199584
wzg,wzg_seq7.pdb,wzg_seq30.pdb,0.48559,0.9459459459459459
wzg,wzg_seq7.pdb,wzg_seq8.pdb,0.45523,0.9625779625779626
wzg,wzg_seq7.pdb,wzg_seq44.pdb,0.31907,0.6799163179916318
wzg,wzg_seq7.pdb,wzg_seq37.pdb,0.40399,0.9667359667359667
wzg,wzg_seq7.pdb,wzg_seq4.pdb,0.4635,0.9646569646569647
wzg,wzg_seq7.pdb,wzg_seq46.pdb,0.50432,0.9625779625779626
wzg,wzg_seq7.pdb,wzg_seq55.pdb,0.39408,0.9667359667359667
wzg,wzg_seq7.pdb,wzg_seq57.pdb,0.28116,0.6799163179916318
wzg,wzg_seq7.pdb,wzg_seq28.pdb,0.46849,0.9458333333333333
wzg,wzg_seq7.pdb,wzg_seq35.pdb,0.39106,0.972972972972973
wzg,wzg_seq7.pdb,wzg_seq63.pdb,0.39889,0.9625779625779626
wzg,wzg_seq7.pdb,wzg_seq3.pdb,0.41851,0.9604989604989606
wzg,wzg_seq7.pdb,wzg_seq29.pdb,0.47194,0.95
wzg,wzg_seq7.pdb,wzg_seq31.pdb,0.39947,0.9563409563409564
wzg,wzg_seq7.pdb,wzg_seq61.pdb,0.32626,0.9646569646569647
wzg,wzg_seq7.pdb,wzg_seq20.pdb,0.38908,0.9625779625779626
wzg,wzg_seq7.pdb,wzg_seq41.pdb,0.42211,0.95
wzg,wzg_seq7.pdb,wzg_seq23.pdb,0.34734,0.9646569646569647
wzg,wzg_seq7.pdb,wzg_seq11.pdb,0.46468,0.9625779625779626
wzg,wzg_seq7.pdb,wzg_seq5.pdb,0.56833,0.972972972972973
wzg,wzg_seq7.pdb,wzg_seq56.pdb,0.36572,0.94375
wzg,wzg_seq59.pdb,wzg_seq26.pdb,0.39273,0.9646569646569647
wzg,wzg_seq59.pdb,wzg_seq2.pdb,0.34503,0.9646569646569647
wzg,wzg_seq59.pdb,wzg_seq47.pdb,0.29277,0.9792099792099792
wzg,wzg_seq59.pdb,wzg_seq14.pdb,0.34619,0.9833679833679834
wzg,wzg_seq59.pdb,wzg_seq38.pdb,0.5333,0.9812889812889813
wzg,wzg_seq59.pdb,wzg_seq53.pdb,0.43579,0.9666666666666667
wzg,wzg_seq59.pdb,wzg_seq18.pdb,0.37582,0.9293139293139293
wzg,wzg_seq59.pdb,wzg_seq40.pdb,0.39962,0.9854469854469855
wzg,wzg_seq59.pdb,wzg_seq6.pdb,0.4937,0.9896049896049897
wzg,wzg_seq59.pdb,wzg_seq62.pdb,0.36754,0.9604166666666667
wzg,wzg_seq59.pdb,wzg_seq24.pdb,0.33646,0.9833679833679834
wzg,wzg_seq59.pdb,wzg_seq45.pdb,0.38645,0.9646569646569647
wzg,wzg_seq59.pdb,wzg_seq22.pdb,0.30591,0.9854469854469855
wzg,wzg_seq59.pdb,wzg_seq43.pdb,0.4041,0.9792099792099792
wzg,wzg_seq59.pdb,wzg_seq9.pdb,0.45255,0.9833679833679834
wzg,wzg_seq59.pdb,wzg_seq52.pdb,0.49431,0.9708333333333333
wzg,wzg_seq59.pdb,wzg_seq15.pdb,0.41595,0.9833679833679834
wzg,wzg_seq59.pdb,wzg_seq42.pdb,0.3956,0.9854469854469855
wzg,wzg_seq59.pdb,wzg_seq21.pdb,0.57031,0.9812889812889813
wzg,wzg_seq59.pdb,wzg_seq50.pdb,0.41365,0.9666666666666667
wzg,wzg_seq59.pdb,wzg_seq60.pdb,0.36807,0.95
wzg,wzg_seq59.pdb,wzg_seq32.pdb,0.5015,0.9542619542619543
wzg,wzg_seq59.pdb,wzg_seq16.pdb,0.35257,0.9771309771309772
wzg,wzg_seq59.pdb,wzg_seq39.pdb,0.41486,0.9854469854469855
wzg,wzg_seq59.pdb,wzg_seq34.pdb,0.33932,0.9501039501039501
wzg,wzg_seq59.pdb,wzg_seq25.pdb,0.59501,0.9833679833679834
wzg,wzg_seq59.pdb,wzg_seq49.pdb,0.36487,0.9875259875259875
wzg,wzg_seq59.pdb,wzg_seq1.pdb,0.40485,0.9666666666666667
wzg,wzg_seq59.pdb,wzg_seq54.pdb,0.50939,0.96875
wzg,wzg_seq59.pdb,wzg_seq13.pdb,0.3942,0.9604166666666667
wzg,wzg_seq59.pdb,wzg_seq58.pdb,0.56006,0.9854469854469855
wzg,wzg_seq59.pdb,wzg_seq10.pdb,0.3295,0.9812889812889813
wzg,wzg_seq59.pdb,wzg_seq51.pdb,0.42258,0.9916839916839917
wzg,wzg_seq59.pdb,wzg_seq17.pdb,0.35387,0.9313929313929314
wzg,wzg_seq59.pdb,wzg_seq33.pdb,0.51105,0.9771309771309772
wzg,wzg_seq59.pdb,wzg_seq30.pdb,0.41825,0.9480249480249481
wzg,wzg_seq59.pdb,wzg_seq8.pdb,0.44807,0.9812889812889813
wzg,wzg_seq59.pdb,wzg_seq44.pdb,0.3221,0.6778242677824268
wzg,wzg_seq59.pdb,wzg_seq37.pdb,0.34186,0.9688149688149689
wzg,wzg_seq59.pdb,wzg_seq4.pdb,0.38507,0.9833679833679834
wzg,wzg_seq59.pdb,wzg_seq46.pdb,0.37855,0.9792099792099792
wzg,wzg_seq59.pdb,wzg_seq55.pdb,0.34317,0.9646569646569647
wzg,wzg_seq59.pdb,wzg_seq57.pdb,0.3146,0.6778242677824268
wzg,wzg_seq59.pdb,wzg_seq28.pdb,0.47726,0.9604166666666667
wzg,wzg_seq59.pdb,wzg_seq35.pdb,0.32783,0.9833679833679834
wzg,wzg_seq59.pdb,wzg_seq63.pdb,0.35816,0.9812889812889813
wzg,wzg_seq59.pdb,wzg_seq3.pdb,0.33817,0.9625779625779626
wzg,wzg_seq59.pdb,wzg_seq29.pdb,0.39822,0.96875
wzg,wzg_seq59.pdb,wzg_seq31.pdb,0.38618,0.9542619542619543
wzg,wzg_seq59.pdb,wzg_seq61.pdb,0.5029,0.9833679833679834
wzg,wzg_seq59.pdb,wzg_seq20.pdb,0.5554,0.9812889812889813
wzg,wzg_seq59.pdb,wzg_seq41.pdb,0.51996,0.96875
wzg,wzg_seq59.pdb,wzg_seq23.pdb,0.34252,0.9625779625779626
wzg,wzg_seq59.pdb,wzg_seq11.pdb,0.47906,0.9812889812889813
wzg,wzg_seq59.pdb,wzg_seq5.pdb,0.38612,0.9792099792099792
wzg,wzg_seq59.pdb,wzg_seq56.pdb,0.35706,0.9625
wzg,wzg_seq26.pdb,wzg_seq2.pdb,0.32693,0.9875259875259875
wzg,wzg_seq26.pdb,wzg_seq47.pdb,0.35764,0.972972972972973
wzg,wzg_seq26.pdb,wzg_seq14.pdb,0.38582,0.9667359667359667
wzg,wzg_seq26.pdb,wzg_seq38.pdb,0.42041,0.9584199584199584
wzg,wzg_seq26.pdb,wzg_seq53.pdb,0.40808,0.94375
wzg,wzg_seq26.pdb,wzg_seq18.pdb,0.4489,0.9106029106029107
wzg,wzg_seq26.pdb,wzg_seq40.pdb,0.3654,0.9708939708939709
wzg,wzg_seq26.pdb,wzg_seq6.pdb,0.43041,0.9646569646569647
wzg,wzg_seq26.pdb,wzg_seq62.pdb,0.45114,0.95
wzg,wzg_seq26.pdb,wzg_seq24.pdb,0.60437,0.9688149688149689
wzg,wzg_seq26.pdb,wzg_seq45.pdb,0.36567,1.0
wzg,wzg_seq26.pdb,wzg_seq22.pdb,0.34199,0.972972972972973
wzg,wzg_seq26.pdb,wzg_seq43.pdb,0.3965,0.9646569646569647
wzg,wzg_seq26.pdb,wzg_seq9.pdb,0.42791,0.9604989604989606
wzg,wzg_seq26.pdb,wzg_seq52.pdb,0.39295,0.9479166666666666
wzg,wzg_seq26.pdb,wzg_seq15.pdb,0.41353,0.9667359667359667
wzg,wzg_seq26.pdb,wzg_seq42.pdb,0.37471,0.972972972972973
wzg,wzg_seq26.pdb,wzg_seq21.pdb,0.41111,0.9584199584199584
wzg,wzg_seq26.pdb,wzg_seq50.pdb,0.48754,0.95
wzg,wzg_seq26.pdb,wzg_seq60.pdb,0.41021,0.9333333333333333
wzg,wzg_seq26.pdb,wzg_seq32.pdb,0.47578,0.9771309771309772
wzg,wzg_seq26.pdb,wzg_seq16.pdb,0.344,0.9563409563409564
wzg,wzg_seq26.pdb,wzg_seq39.pdb,0.53354,0.9708939708939709
wzg,wzg_seq26.pdb,wzg_seq34.pdb,0.38443,0.9313929313929314
wzg,wzg_seq26.pdb,wzg_seq25.pdb,0.44543,0.9688149688149689
wzg,wzg_seq26.pdb,wzg_seq49.pdb,0.38408,0.9646569646569647
wzg,wzg_seq26.pdb,wzg_seq1.pdb,0.50176,0.9479166666666666
wzg,wzg_seq26.pdb,wzg_seq54.pdb,0.4653,0.9458333333333333
wzg,wzg_seq26.pdb,wzg_seq13.pdb,0.42401,0.9375
wzg,wzg_seq26.pdb,wzg_seq58.pdb,0.35148,0.9625779625779626
wzg,wzg_seq26.pdb,wzg_seq10.pdb,0.36004,0.9584199584199584
wzg,wzg_seq26.pdb,wzg_seq51.pdb,0.38541,0.9688149688149689
wzg,wzg_seq26.pdb,wzg_seq17.pdb,0.36203,0.9126819126819127
wzg,wzg_seq26.pdb,wzg_seq33.pdb,0.44071,0.9563409563409564
wzg,wzg_seq26.pdb,wzg_seq30.pdb,0.47674,0.9667359667359667
wzg,wzg_seq26.pdb,wzg_seq8.pdb,0.42207,0.9584199584199584
wzg,wzg_seq26.pdb,wzg_seq44.pdb,0.33303,0.6861924686192469
wzg,wzg_seq26.pdb,wzg_seq37.pdb,0.33875,0.9916839916839917
wzg,wzg_seq26.pdb,wzg_seq4.pdb,0.34426,0.9604989604989606
wzg,wzg_seq26.pdb,wzg_seq46.pdb,0.32468,0.9646569646569647
wzg,wzg_seq26.pdb,wzg_seq55.pdb,0.37848,0.9916839916839917
wzg,wzg_seq26.pdb,wzg_seq57.pdb,0.32651,0.6861924686192469
wzg,wzg_seq26.pdb,wzg_seq28.pdb,0.46713,0.9416666666666667
wzg,wzg_seq26.pdb,wzg_seq35.pdb,0.35199,0.975051975051975
wzg,wzg_seq26.pdb,wzg_seq63.pdb,0.47783,0.9584199584199584
wzg,wzg_seq26.pdb,wzg_seq3.pdb,0.35274,0.9854469854469855
wzg,wzg_seq26.pdb,wzg_seq29.pdb,0.4453,0.95
wzg,wzg_seq26.pdb,wzg_seq31.pdb,0.4043,0.9771309771309772
wzg,wzg_seq26.pdb,wzg_seq61.pdb,0.33862,0.9625779625779626
wzg,wzg_seq26.pdb,wzg_seq20.pdb,0.43918,0.9625779625779626
wzg,wzg_seq26.pdb,wzg_seq41.pdb,0.46612,0.95
wzg,wzg_seq26.pdb,wzg_seq23.pdb,0.38427,0.9896049896049897
wzg,wzg_seq26.pdb,wzg_seq11.pdb,0.39883,0.9584199584199584
wzg,wzg_seq26.pdb,wzg_seq5.pdb,0.32949,0.9625779625779626
wzg,wzg_seq26.pdb,wzg_seq56.pdb,0.35948,0.9395833333333333
wzg,wzg_seq2.pdb,wzg_seq47.pdb,0.35981,0.972972972972973
wzg,wzg_seq2.pdb,wzg_seq14.pdb,0.40147,0.9604989604989606
wzg,wzg_seq2.pdb,wzg_seq38.pdb,0.37583,0.9563409563409564
wzg,wzg_seq2.pdb,wzg_seq53.pdb,0.38048,0.9458333333333333
wzg,wzg_seq2.pdb,wzg_seq18.pdb,0.29288,0.9126819126819127
wzg,wzg_seq2.pdb,wzg_seq40.pdb,0.4498,0.9667359667359667
wzg,wzg_seq2.pdb,wzg_seq6.pdb,0.39396,0.9667359667359667
wzg,wzg_seq2.pdb,wzg_seq62.pdb,0.43065,0.9479166666666666
wzg,wzg_seq2.pdb,wzg_seq24.pdb,0.40619,0.9688149688149689
wzg,wzg_seq2.pdb,wzg_seq45.pdb,0.42334,0.9875259875259875
wzg,wzg_seq2.pdb,wzg_seq22.pdb,0.35842,0.9688149688149689
wzg,wzg_seq2.pdb,wzg_seq43.pdb,0.3238,0.9584199584199584
wzg,wzg_seq2.pdb,wzg_seq9.pdb,0.38211,0.9625779625779626
wzg,wzg_seq2.pdb,wzg_seq52.pdb,0.38779,0.9479166666666666
wzg,wzg_seq2.pdb,wzg_seq15.pdb,0.37637,0.9604989604989606
wzg,wzg_seq2.pdb,wzg_seq42.pdb,0.36419,0.9688149688149689
wzg,wzg_seq2.pdb,wzg_seq21.pdb,0.38222,0.9563409563409564
wzg,wzg_seq2.pdb,wzg_seq50.pdb,0.38424,0.9458333333333333
wzg,wzg_seq2.pdb,wzg_seq60.pdb,0.4182,0.9333333333333333
wzg,wzg_seq2.pdb,wzg_seq32.pdb,0.38735,0.9771309771309772
wzg,wzg_seq2.pdb,wzg_seq16.pdb,0.37365,0.9584199584199584
wzg,wzg_seq2.pdb,wzg_seq39.pdb,0.34311,0.9667359667359667
wzg,wzg_seq2.pdb,wzg_seq34.pdb,0.35403,0.9334719334719335
wzg,wzg_seq2.pdb,wzg_seq25.pdb,0.35377,0.9688149688149689
wzg,wzg_seq2.pdb,wzg_seq49.pdb,0.4124,0.9646569646569647
wzg,wzg_seq2.pdb,wzg_seq1.pdb,0.32464,0.9479166666666666
wzg,wzg_seq2.pdb,wzg_seq54.pdb,0.35669,0.9458333333333333
wzg,wzg_seq2.pdb,wzg_seq13.pdb,0.40788,0.9416666666666667
wzg,wzg_seq2.pdb,wzg_seq58.pdb,0.39598,0.9625779625779626
wzg,wzg_seq2.pdb,wzg_seq10.pdb,0.39282,0.9604989604989606
wzg,wzg_seq2.pdb,wzg_seq51.pdb,0.41198,0.9688149688149689
wzg,wzg_seq2.pdb,wzg_seq17.pdb,0.40906,0.9147609147609148
wzg,wzg_seq2.pdb,wzg_seq33.pdb,0.34773,0.9584199584199584
wzg,wzg_seq2.pdb,wzg_seq30.pdb,0.34864,0.9688149688149689
wzg,wzg_seq2.pdb,wzg_seq8.pdb,0.39503,0.9604989604989606
wzg,wzg_seq2.pdb,wzg_seq44.pdb,0.38696,0.6868475991649269
wzg,wzg_seq2.pdb,wzg_seq37.pdb,0.5519,0.9875259875259875
wzg,wzg_seq2.pdb,wzg_seq4.pdb,0.41903,0.9604989604989606
wzg,wzg_seq2.pdb,wzg_seq46.pdb,0.34447,0.9584199584199584
wzg,wzg_seq2.pdb,wzg_seq55.pdb,0.48322,0.9875259875259875
wzg,wzg_seq2.pdb,wzg_seq57.pdb,0.28341,0.6868475991649269
wzg,wzg_seq2.pdb,wzg_seq28.pdb,0.39056,0.9458333333333333
wzg,wzg_seq2.pdb,wzg_seq35.pdb,0.41465,0.9708939708939709
wzg,wzg_seq2.pdb,wzg_seq63.pdb,0.45416,0.9584199584199584
wzg,wzg_seq2.pdb,wzg_seq3.pdb,0.38253,0.9916839916839917
wzg,wzg_seq2.pdb,wzg_seq29.pdb,0.40842,0.9458333333333333
wzg,wzg_seq2.pdb,wzg_seq31.pdb,0.36383,0.9771309771309772
wzg,wzg_seq2.pdb,wzg_seq61.pdb,0.37154,0.9604989604989606
wzg,wzg_seq2.pdb,wzg_seq20.pdb,0.39802,0.9584199584199584
wzg,wzg_seq2.pdb,wzg_seq41.pdb,0.3845,0.9479166666666666
wzg,wzg_seq2.pdb,wzg_seq23.pdb,0.41256,0.9854469854469855
wzg,wzg_seq2.pdb,wzg_seq11.pdb,0.39116,0.9604989604989606
wzg,wzg_seq2.pdb,wzg_seq5.pdb,0.48881,0.9646569646569647
wzg,wzg_seq2.pdb,wzg_seq56.pdb,0.42373,0.9395833333333333
wzg,wzg_seq47.pdb,wzg_seq14.pdb,0.46346,0.975051975051975
wzg,wzg_seq47.pdb,wzg_seq38.pdb,0.3348,0.9708939708939709
wzg,wzg_seq47.pdb,wzg_seq53.pdb,0.39141,0.9583333333333334
wzg,wzg_seq47.pdb,wzg_seq18.pdb,0.33477,0.920997920997921
wzg,wzg_seq47.pdb,wzg_seq40.pdb,0.4665,0.9771309771309772
wzg,wzg_seq47.pdb,wzg_seq6.pdb,0.38005,0.9771309771309772
wzg,wzg_seq47.pdb,wzg_seq62.pdb,0.37013,0.9645833333333333
wzg,wzg_seq47.pdb,wzg_seq24.pdb,0.37799,0.975051975051975
wzg,wzg_seq47.pdb,wzg_seq45.pdb,0.42256,0.972972972972973
wzg,wzg_seq47.pdb,wzg_seq22.pdb,0.44459,0.9771309771309772
wzg,wzg_seq47.pdb,wzg_seq43.pdb,0.38008,0.972972972972973
wzg,wzg_seq47.pdb,wzg_seq9.pdb,0.33817,0.975051975051975
wzg,wzg_seq47.pdb,wzg_seq52.pdb,0.38547,0.9666666666666667
wzg,wzg_seq47.pdb,wzg_seq15.pdb,0.44901,0.975051975051975
wzg,wzg_seq47.pdb,wzg_seq42.pdb,0.42229,0.9771309771309772
wzg,wzg_seq47.pdb,wzg_seq21.pdb,0.356,0.972972972972973
wzg,wzg_seq47.pdb,wzg_seq50.pdb,0.5154,0.9645833333333333
wzg,wzg_seq47.pdb,wzg_seq60.pdb,0.36556,0.9416666666666667
wzg,wzg_seq47.pdb,wzg_seq32.pdb,0.44835,0.9625779625779626
wzg,wzg_seq47.pdb,wzg_seq16.pdb,0.54962,0.9688149688149689
wzg,wzg_seq47.pdb,wzg_seq39.pdb,0.43824,0.9771309771309772
wzg,wzg_seq47.pdb,wzg_seq34.pdb,0.42756,0.9438669438669439
wzg,wzg_seq47.pdb,wzg_seq25.pdb,0.31866,0.975051975051975
wzg,wzg_seq47.pdb,wzg_seq49.pdb,0.39609,0.9792099792099792
wzg,wzg_seq47.pdb,wzg_seq1.pdb,0.37828,0.9666666666666667
wzg,wzg_seq47.pdb,wzg_seq54.pdb,0.36465,0.9645833333333333
wzg,wzg_seq47.pdb,wzg_seq13.pdb,0.36797,0.9520833333333333
wzg,wzg_seq47.pdb,wzg_seq58.pdb,0.33021,0.9771309771309772
wzg,wzg_seq47.pdb,wzg_seq10.pdb,0.42456,0.972972972972973
wzg,wzg_seq47.pdb,wzg_seq51.pdb,0.48856,0.9833679833679834
wzg,wzg_seq47.pdb,wzg_seq17.pdb,0.42631,0.9230769230769231
wzg,wzg_seq47.pdb,wzg_seq33.pdb,0.4335,0.9688149688149689
wzg,wzg_seq47.pdb,wzg_seq30.pdb,0.42347,0.9563409563409564
wzg,wzg_seq47.pdb,wzg_seq8.pdb,0.35757,0.9771309771309772
wzg,wzg_seq47.pdb,wzg_seq44.pdb,0.3093,0.6841004184100419
wzg,wzg_seq47.pdb,wzg_seq37.pdb,0.45772,0.9771309771309772
wzg,wzg_seq47.pdb,wzg_seq4.pdb,0.37373,0.975051975051975
wzg,wzg_seq47.pdb,wzg_seq46.pdb,0.44966,0.972972972972973
wzg,wzg_seq47.pdb,wzg_seq55.pdb,0.42268,0.972972972972973
wzg,wzg_seq47.pdb,wzg_seq57.pdb,0.34917,0.6841004184100419
wzg,wzg_seq47.pdb,wzg_seq28.pdb,0.41047,0.9520833333333333
wzg,wzg_seq47.pdb,wzg_seq35.pdb,0.44073,0.9792099792099792
wzg,wzg_seq47.pdb,wzg_seq63.pdb,0.3752,0.975051975051975
wzg,wzg_seq47.pdb,wzg_seq3.pdb,0.3949,0.9708939708939709
wzg,wzg_seq47.pdb,wzg_seq29.pdb,0.40461,0.9645833333333333
wzg,wzg_seq47.pdb,wzg_seq31.pdb,0.43717,0.9625779625779626
wzg,wzg_seq47.pdb,wzg_seq61.pdb,0.34141,0.975051975051975
wzg,wzg_seq47.pdb,wzg_seq20.pdb,0.34452,0.972972972972973
wzg,wzg_seq47.pdb,wzg_seq41.pdb,0.38006,0.9604166666666667
wzg,wzg_seq47.pdb,wzg_seq23.pdb,0.37494,0.9708939708939709
wzg,wzg_seq47.pdb,wzg_seq11.pdb,0.41479,0.9771309771309772
wzg,wzg_seq47.pdb,wzg_seq5.pdb,0.42395,0.9708939708939709
wzg,wzg_seq47.pdb,wzg_seq56.pdb,0.49102,0.9541666666666667
wzg,wzg_seq14.pdb,wzg_seq38.pdb,0.37183,0.9771309771309772
wzg,wzg_seq14.pdb,wzg_seq53.pdb,0.39467,0.9666666666666667
wzg,wzg_seq14.pdb,wzg_seq18.pdb,0.31962,0.9251559251559252
wzg,wzg_seq14.pdb,wzg_seq40.pdb,0.39723,0.9854469854469855
wzg,wzg_seq14.pdb,wzg_seq6.pdb,0.37375,0.9812889812889813
wzg,wzg_seq14.pdb,wzg_seq62.pdb,0.38748,0.9645833333333333
wzg,wzg_seq14.pdb,wzg_seq24.pdb,0.31664,0.9833679833679834
wzg,wzg_seq14.pdb,wzg_seq45.pdb,0.41589,0.9667359667359667
wzg,wzg_seq14.pdb,wzg_seq22.pdb,0.33253,0.9854469854469855
wzg,wzg_seq14.pdb,wzg_seq43.pdb,0.37319,0.9937629937629938
wzg,wzg_seq14.pdb,wzg_seq9.pdb,0.38554,0.9833679833679834
wzg,wzg_seq14.pdb,wzg_seq52.pdb,0.41341,0.9708333333333333
wzg,wzg_seq14.pdb,wzg_seq15.pdb,0.39946,1.0
wzg,wzg_seq14.pdb,wzg_seq42.pdb,0.4208,0.9854469854469855
wzg,wzg_seq14.pdb,wzg_seq21.pdb,0.39382,0.9771309771309772
wzg,wzg_seq14.pdb,wzg_seq50.pdb,0.43059,0.9708333333333333
wzg,wzg_seq14.pdb,wzg_seq60.pdb,0.44595,0.95
wzg,wzg_seq14.pdb,wzg_seq32.pdb,0.39629,0.9501039501039501
wzg,wzg_seq14.pdb,wzg_seq16.pdb,0.41579,0.972972972972973
wzg,wzg_seq14.pdb,wzg_seq39.pdb,0.39984,0.9854469854469855
wzg,wzg_seq14.pdb,wzg_seq34.pdb,0.37593,0.9501039501039501
wzg,wzg_seq14.pdb,wzg_seq25.pdb,0.35096,0.9833679833679834
wzg,wzg_seq14.pdb,wzg_seq49.pdb,0.39313,0.9833679833679834
wzg,wzg_seq14.pdb,wzg_seq1.pdb,0.3528,0.9666666666666667
wzg,wzg_seq14.pdb,wzg_seq54.pdb,0.38502,0.96875
wzg,wzg_seq14.pdb,wzg_seq13.pdb,0.40458,0.9604166666666667
wzg,wzg_seq14.pdb,wzg_seq58.pdb,0.39319,0.9896049896049897
wzg,wzg_seq14.pdb,wzg_seq10.pdb,0.35742,0.9812889812889813
wzg,wzg_seq14.pdb,wzg_seq51.pdb,0.40231,0.9875259875259875
wzg,wzg_seq14.pdb,wzg_seq17.pdb,0.39404,0.9272349272349273
wzg,wzg_seq14.pdb,wzg_seq33.pdb,0.46222,0.972972972972973
wzg,wzg_seq14.pdb,wzg_seq30.pdb,0.38144,0.9438669438669439
wzg,wzg_seq14.pdb,wzg_seq8.pdb,0.38431,0.9812889812889813
wzg,wzg_seq14.pdb,wzg_seq44.pdb,0.39907,0.6736401673640168
wzg,wzg_seq14.pdb,wzg_seq37.pdb,0.36697,0.9688149688149689
wzg,wzg_seq14.pdb,wzg_seq4.pdb,0.39912,0.9792099792099792
wzg,wzg_seq14.pdb,wzg_seq46.pdb,0.34246,0.9937629937629938
wzg,wzg_seq14.pdb,wzg_seq55.pdb,0.45547,0.9646569646569647
wzg,wzg_seq14.pdb,wzg_seq57.pdb,0.25965,0.6736401673640168
wzg,wzg_seq14.pdb,wzg_seq28.pdb,0.37662,0.9604166666666667
wzg,wzg_seq14.pdb,wzg_seq35.pdb,0.45791,0.9833679833679834
wzg,wzg_seq14.pdb,wzg_seq63.pdb,0.35416,0.9812889812889813
wzg,wzg_seq14.pdb,wzg_seq3.pdb,0.34549,0.9625779625779626
wzg,wzg_seq14.pdb,wzg_seq29.pdb,0.39572,0.9729166666666667
wzg,wzg_seq14.pdb,wzg_seq31.pdb,0.382,0.9501039501039501
wzg,wzg_seq14.pdb,wzg_seq61.pdb,0.37654,0.9792099792099792
wzg,wzg_seq14.pdb,wzg_seq20.pdb,0.37534,0.9812889812889813
wzg,wzg_seq14.pdb,wzg_seq41.pdb,0.39054,0.9729166666666667
wzg,wzg_seq14.pdb,wzg_seq23.pdb,0.41827,0.9625779625779626
wzg,wzg_seq14.pdb,wzg_seq11.pdb,0.41566,0.9812889812889813
wzg,wzg_seq14.pdb,wzg_seq5.pdb,0.37593,0.9708939708939709
wzg,wzg_seq14.pdb,wzg_seq56.pdb,0.47473,0.9625
wzg,wzg_seq38.pdb,wzg_seq53.pdb,0.44168,0.96875
wzg,wzg_seq38.pdb,wzg_seq18.pdb,0.35872,0.9230769230769231
wzg,wzg_seq38.pdb,wzg_seq40.pdb,0.35468,0.9833679833679834
wzg,wzg_seq38.pdb,wzg_seq6.pdb,0.51413,0.9792099792099792
wzg,wzg_seq38.pdb,wzg_seq62.pdb,0.47153,0.9645833333333333
wzg,wzg_seq38.pdb,wzg_seq24.pdb,0.36182,0.9833679833679834
wzg,wzg_seq38.pdb,wzg_seq45.pdb,0.33472,0.9584199584199584
wzg,wzg_seq38.pdb,wzg_seq22.pdb,0.33437,0.9833679833679834
wzg,wzg_seq38.pdb,wzg_seq43.pdb,0.35151,0.972972972972973
wzg,wzg_seq38.pdb,wzg_seq9.pdb,0.52454,0.9771309771309772
wzg,wzg_seq38.pdb,wzg_seq52.pdb,0.52832,0.9708333333333333
wzg,wzg_seq38.pdb,wzg_seq15.pdb,0.42978,0.9771309771309772
wzg,wzg_seq38.pdb,wzg_seq42.pdb,0.42509,0.9833679833679834
wzg,wzg_seq38.pdb,wzg_seq21.pdb,0.64759,0.9937629937629938
wzg,wzg_seq38.pdb,wzg_seq50.pdb,0.39509,0.9708333333333333
wzg,wzg_seq38.pdb,wzg_seq60.pdb,0.43067,0.9458333333333333
wzg,wzg_seq38.pdb,wzg_seq32.pdb,0.55026,0.9438669438669439
wzg,wzg_seq38.pdb,wzg_seq16.pdb,0.35438,0.975051975051975
wzg,wzg_seq38.pdb,wzg_seq39.pdb,0.4387,0.9833679833679834
wzg,wzg_seq38.pdb,wzg_seq34.pdb,0.34459,0.9438669438669439
wzg,wzg_seq38.pdb,wzg_seq25.pdb,0.53743,0.9833679833679834
wzg,wzg_seq38.pdb,wzg_seq49.pdb,0.47622,0.9771309771309772
wzg,wzg_seq38.pdb,wzg_seq1.pdb,0.45152,0.9604166666666667
wzg,wzg_seq38.pdb,wzg_seq54.pdb,0.55246,0.96875
wzg,wzg_seq38.pdb,wzg_seq13.pdb,0.45852,0.9604166666666667
wzg,wzg_seq38.pdb,wzg_seq58.pdb,0.50769,0.975051975051975
wzg,wzg_seq38.pdb,wzg_seq10.pdb,0.3571,0.9771309771309772
wzg,wzg_seq38.pdb,wzg_seq51.pdb,0.43314,0.9812889812889813
wzg,wzg_seq38.pdb,wzg_seq17.pdb,0.36419,0.9251559251559252
wzg,wzg_seq38.pdb,wzg_seq33.pdb,0.48662,0.975051975051975
wzg,wzg_seq38.pdb,wzg_seq30.pdb,0.42463,0.9376299376299376
wzg,wzg_seq38.pdb,wzg_seq8.pdb,0.49441,0.9771309771309772
wzg,wzg_seq38.pdb,wzg_seq44.pdb,0.31768,0.6764091858037579
wzg,wzg_seq38.pdb,wzg_seq37.pdb,0.30425,0.9625779625779626
wzg,wzg_seq38.pdb,wzg_seq4.pdb,0.38609,0.972972972972973
wzg,wzg_seq38.pdb,wzg_seq46.pdb,0.29541,0.972972972972973
wzg,wzg_seq38.pdb,wzg_seq55.pdb,0.35999,0.9584199584199584
wzg,wzg_seq38.pdb,wzg_seq57.pdb,0.25418,0.6764091858037579
wzg,wzg_seq38.pdb,wzg_seq28.pdb,0.50709,0.9604166666666667
wzg,wzg_seq38.pdb,wzg_seq35.pdb,0.37023,0.9771309771309772
wzg,wzg_seq38.pdb,wzg_seq63.pdb,0.35736,0.9771309771309772
wzg,wzg_seq38.pdb,wzg_seq3.pdb,0.36495,0.9604989604989606
wzg,wzg_seq38.pdb,wzg_seq29.pdb,0.44789,0.9729166666666667
wzg,wzg_seq38.pdb,wzg_seq31.pdb,0.36075,0.9438669438669439
wzg,wzg_seq38.pdb,wzg_seq61.pdb,0.4807,0.9916839916839917
wzg,wzg_seq38.pdb,wzg_seq20.pdb,0.61954,0.9771309771309772
wzg,wzg_seq38.pdb,wzg_seq41.pdb,0.53497,0.975
wzg,wzg_seq38.pdb,wzg_seq23.pdb,0.3868,0.9563409563409564
wzg,wzg_seq38.pdb,wzg_seq11.pdb,0.47888,0.9771309771309772
wzg,wzg_seq38.pdb,wzg_seq5.pdb,0.30061,0.9688149688149689
wzg,wzg_seq38.pdb,wzg_seq56.pdb,0.35701,0.95625
wzg,wzg_seq53.pdb,wzg_seq18.pdb,0.4209,0.9355509355509356
wzg,wzg_seq53.pdb,wzg_seq40.pdb,0.35335,0.96875
wzg,wzg_seq53.pdb,wzg_seq6.pdb,0.46317,0.96875
wzg,wzg_seq53.pdb,wzg_seq62.pdb,0.51987,0.9812889812889813
wzg,wzg_seq53.pdb,wzg_seq24.pdb,0.34356,0.96875
wzg,wzg_seq53.pdb,wzg_seq45.pdb,0.32899,0.94375
wzg,wzg_seq53.pdb,wzg_seq22.pdb,0.34996,0.96875
wzg,wzg_seq53.pdb,wzg_seq43.pdb,0.38851,0.9625
wzg,wzg_seq53.pdb,wzg_seq9.pdb,0.43727,0.9708333333333333
wzg,wzg_seq53.pdb,wzg_seq52.pdb,0.51521,0.9916839916839917
wzg,wzg_seq53.pdb,wzg_seq15.pdb,0.40171,0.9666666666666667
wzg,wzg_seq53.pdb,wzg_seq42.pdb,0.6315,0.96875
wzg,wzg_seq53.pdb,wzg_seq21.pdb,0.48743,0.96875
wzg,wzg_seq53.pdb,wzg_seq50.pdb,0.36427,0.9875259875259875
wzg,wzg_seq53.pdb,wzg_seq60.pdb,0.40937,0.9688149688149689
wzg,wzg_seq53.pdb,wzg_seq32.pdb,0.446,0.9333333333333333
wzg,wzg_seq53.pdb,wzg_seq16.pdb,0.37549,0.96875
wzg,wzg_seq53.pdb,wzg_seq39.pdb,0.41419,0.96875
wzg,wzg_seq53.pdb,wzg_seq34.pdb,0.34543,0.9458333333333333
wzg,wzg_seq53.pdb,wzg_seq25.pdb,0.33704,0.96875
wzg,wzg_seq53.pdb,wzg_seq49.pdb,0.46735,0.9666666666666667
wzg,wzg_seq53.pdb,wzg_seq1.pdb,0.48783,0.9833679833679834
wzg,wzg_seq53.pdb,wzg_seq54.pdb,0.51142,0.9896049896049897
wzg,wzg_seq53.pdb,wzg_seq13.pdb,0.5076,0.9833679833679834
wzg,wzg_seq53.pdb,wzg_seq58.pdb,0.57745,0.96875
wzg,wzg_seq53.pdb,wzg_seq10.pdb,0.35719,0.9667359667359667
wzg,wzg_seq53.pdb,wzg_seq51.pdb,0.40598,0.9708333333333333
wzg,wzg_seq53.pdb,wzg_seq17.pdb,0.36435,0.9376299376299376
wzg,wzg_seq53.pdb,wzg_seq33.pdb,0.38513,0.96875
wzg,wzg_seq53.pdb,wzg_seq30.pdb,0.44378,0.9270833333333334
wzg,wzg_seq53.pdb,wzg_seq8.pdb,0.47076,0.96875
wzg,wzg_seq53.pdb,wzg_seq44.pdb,0.33201,0.6784968684759917
wzg,wzg_seq53.pdb,wzg_seq37.pdb,0.35954,0.9479166666666666
wzg,wzg_seq53.pdb,wzg_seq4.pdb,0.40987,0.9645833333333333
wzg,wzg_seq53.pdb,wzg_seq46.pdb,0.33043,0.9625
wzg,wzg_seq53.pdb,wzg_seq55.pdb,0.3583,0.94375
wzg,wzg_seq53.pdb,wzg_seq57.pdb,0.28305,0.6784968684759917
wzg,wzg_seq53.pdb,wzg_seq28.pdb,0.47606,0.9833679833679834
wzg,wzg_seq53.pdb,wzg_seq35.pdb,0.38985,0.9625
wzg,wzg_seq53.pdb,wzg_seq63.pdb,0.34169,0.96875
wzg,wzg_seq53.pdb,wzg_seq3.pdb,0.39831,0.9519832985386222
wzg,wzg_seq53.pdb,wzg_seq29.pdb,0.42594,0.9896049896049897
wzg,wzg_seq53.pdb,wzg_seq31.pdb,0.40697,0.9333333333333333
wzg,wzg_seq53.pdb,wzg_seq61.pdb,0.43933,0.9666666666666667
wzg,wzg_seq53.pdb,wzg_seq20.pdb,0.50916,0.9645833333333333
wzg,wzg_seq53.pdb,wzg_seq41.pdb,0.46616,0.9937629937629938
wzg,wzg_seq53.pdb,wzg_seq23.pdb,0.42716,0.9416666666666667
wzg,wzg_seq53.pdb,wzg_seq11.pdb,0.49128,0.96875
wzg,wzg_seq53.pdb,wzg_seq5.pdb,0.45371,0.9583333333333334
wzg,wzg_seq53.pdb,wzg_seq56.pdb,0.41107,0.9771309771309772
wzg,wzg_seq18.pdb,wzg_seq40.pdb,0.36494,0.9272349272349273
wzg,wzg_seq18.pdb,wzg_seq6.pdb,0.38596,0.9355509355509356
wzg,wzg_seq18.pdb,wzg_seq62.pdb,0.40693,0.9272349272349273
wzg,wzg_seq18.pdb,wzg_seq24.pdb,0.44274,0.9272349272349273
wzg,wzg_seq18.pdb,wzg_seq45.pdb,0.33402,0.9106029106029107
wzg,wzg_seq18.pdb,wzg_seq22.pdb,0.38543,0.9313929313929314
wzg,wzg_seq18.pdb,wzg_seq43.pdb,0.39675,0.920997920997921
wzg,wzg_seq18.pdb,wzg_seq9.pdb,0.36134,0.9334719334719335
wzg,wzg_seq18.pdb,wzg_seq52.pdb,0.3362,0.9355509355509356
wzg,wzg_seq18.pdb,wzg_seq15.pdb,0.41928,0.9251559251559252
wzg,wzg_seq18.pdb,wzg_seq42.pdb,0.30424,0.9313929313929314
wzg,wzg_seq18.pdb,wzg_seq21.pdb,0.42202,0.9230769230769231
wzg,wzg_seq18.pdb,wzg_seq50.pdb,0.38936,0.9313929313929314
wzg,wzg_seq18.pdb,wzg_seq60.pdb,0.39364,0.9251559251559252
wzg,wzg_seq18.pdb,wzg_seq32.pdb,0.37595,0.9043659043659044
wzg,wzg_seq18.pdb,wzg_seq16.pdb,0.35898,0.9438669438669439
wzg,wzg_seq18.pdb,wzg_seq39.pdb,0.39122,0.9272349272349273
wzg,wzg_seq18.pdb,wzg_seq34.pdb,0.36961,0.9397089397089398
wzg,wzg_seq18.pdb,wzg_seq25.pdb,0.37325,0.9272349272349273
wzg,wzg_seq18.pdb,wzg_seq49.pdb,0.39547,0.9251559251559252
wzg,wzg_seq18.pdb,wzg_seq1.pdb,0.49536,0.9313929313929314
wzg,wzg_seq18.pdb,wzg_seq54.pdb,0.37581,0.9334719334719335
wzg,wzg_seq18.pdb,wzg_seq13.pdb,0.36622,0.9272349272349273
wzg,wzg_seq18.pdb,wzg_seq58.pdb,0.45529,0.9313929313929314
wzg,wzg_seq18.pdb,wzg_seq10.pdb,0.31637,0.9334719334719335
wzg,wzg_seq18.pdb,wzg_seq51.pdb,0.35951,0.9293139293139293
wzg,wzg_seq18.pdb,wzg_seq17.pdb,0.30064,0.997920997920998
wzg,wzg_seq18.pdb,wzg_seq33.pdb,0.3523,0.9438669438669439
wzg,wzg_seq18.pdb,wzg_seq30.pdb,0.3968,0.893970893970894
wzg,wzg_seq18.pdb,wzg_seq8.pdb,0.42304,0.9272349272349273
wzg,wzg_seq18.pdb,wzg_seq44.pdb,0.28586,0.6673640167364017
wzg,wzg_seq18.pdb,wzg_seq37.pdb,0.32542,0.9147609147609148
wzg,wzg_seq18.pdb,wzg_seq4.pdb,0.36494,0.920997920997921
wzg,wzg_seq18.pdb,wzg_seq46.pdb,0.32803,0.920997920997921
wzg,wzg_seq18.pdb,wzg_seq55.pdb,0.38573,0.9106029106029107
wzg,wzg_seq18.pdb,wzg_seq57.pdb,0.29841,0.6673640167364017
wzg,wzg_seq18.pdb,wzg_seq28.pdb,0.37896,0.9272349272349273
wzg,wzg_seq18.pdb,wzg_seq35.pdb,0.33496,0.9293139293139293
wzg,wzg_seq18.pdb,wzg_seq63.pdb,0.33054,0.9272349272349273
wzg,wzg_seq18.pdb,wzg_seq3.pdb,0.35672,0.9126819126819127
wzg,wzg_seq18.pdb,wzg_seq29.pdb,0.42583,0.9334719334719335
wzg,wzg_seq18.pdb,wzg_seq31.pdb,0.34616,0.9043659043659044
wzg,wzg_seq18.pdb,wzg_seq61.pdb,0.34951,0.9293139293139293
wzg,wzg_seq18.pdb,wzg_seq20.pdb,0.41508,0.9230769230769231
wzg,wzg_seq18.pdb,wzg_seq41.pdb,0.37197,0.9376299376299376
wzg,wzg_seq18.pdb,wzg_seq23.pdb,0.32766,0.9085239085239085
wzg,wzg_seq18.pdb,wzg_seq11.pdb,0.3308,0.9272349272349273
wzg,wzg_seq18.pdb,wzg_seq5.pdb,0.32834,0.9313929313929314
wzg,wzg_seq18.pdb,wzg_seq56.pdb,0.34092,0.9230769230769231
wzg,wzg_seq40.pdb,wzg_seq6.pdb,0.46103,0.9833679833679834
wzg,wzg_seq40.pdb,wzg_seq62.pdb,0.35479,0.9625
wzg,wzg_seq40.pdb,wzg_seq24.pdb,0.46168,0.997920997920998
wzg,wzg_seq40.pdb,wzg_seq45.pdb,0.51789,0.9708939708939709
wzg,wzg_seq40.pdb,wzg_seq22.pdb,0.40604,0.9958419958419958
wzg,wzg_seq40.pdb,wzg_seq43.pdb,0.36569,0.9812889812889813
wzg,wzg_seq40.pdb,wzg_seq9.pdb,0.33005,0.9812889812889813
wzg,wzg_seq40.pdb,wzg_seq52.pdb,0.41461,0.9729166666666667
wzg,wzg_seq40.pdb,wzg_seq15.pdb,0.48454,0.9854469854469855
wzg,wzg_seq40.pdb,wzg_seq42.pdb,0.4521,0.9958419958419958
wzg,wzg_seq40.pdb,wzg_seq21.pdb,0.3696,0.9833679833679834
wzg,wzg_seq40.pdb,wzg_seq50.pdb,0.46214,0.9729166666666667
wzg,wzg_seq40.pdb,wzg_seq60.pdb,0.33764,0.9541666666666667
wzg,wzg_seq40.pdb,wzg_seq32.pdb,0.45118,0.9563409563409564
wzg,wzg_seq40.pdb,wzg_seq16.pdb,0.43979,0.9792099792099792
wzg,wzg_seq40.pdb,wzg_seq39.pdb,0.44309,1.0
wzg,wzg_seq40.pdb,wzg_seq34.pdb,0.52057,0.9521829521829522
wzg,wzg_seq40.pdb,wzg_seq25.pdb,0.40447,0.997920997920998
wzg,wzg_seq40.pdb,wzg_seq49.pdb,0.41945,0.9854469854469855
wzg,wzg_seq40.pdb,wzg_seq1.pdb,0.37861,0.9645833333333333
wzg,wzg_seq40.pdb,wzg_seq54.pdb,0.38831,0.9708333333333333
wzg,wzg_seq40.pdb,wzg_seq13.pdb,0.37667,0.9625
wzg,wzg_seq40.pdb,wzg_seq58.pdb,0.35245,0.9833679833679834
wzg,wzg_seq40.pdb,wzg_seq10.pdb,0.40664,0.9792099792099792
wzg,wzg_seq40.pdb,wzg_seq51.pdb,0.55505,0.9896049896049897
wzg,wzg_seq40.pdb,wzg_seq17.pdb,0.48479,0.9293139293139293
wzg,wzg_seq40.pdb,wzg_seq33.pdb,0.41343,0.9792099792099792
wzg,wzg_seq40.pdb,wzg_seq30.pdb,0.44902,0.9459459459459459
wzg,wzg_seq40.pdb,wzg_seq8.pdb,0.35512,0.9833679833679834
wzg,wzg_seq40.pdb,wzg_seq44.pdb,0.28695,0.6778242677824268
wzg,wzg_seq40.pdb,wzg_seq37.pdb,0.62358,0.9708939708939709
wzg,wzg_seq40.pdb,wzg_seq4.pdb,0.49293,0.9812889812889813
wzg,wzg_seq40.pdb,wzg_seq46.pdb,0.60793,0.9812889812889813
wzg,wzg_seq40.pdb,wzg_seq55.pdb,0.52355,0.9708939708939709
wzg,wzg_seq40.pdb,wzg_seq57.pdb,0.2529,0.6778242677824268
wzg,wzg_seq40.pdb,wzg_seq28.pdb,0.41164,0.9666666666666667
wzg,wzg_seq40.pdb,wzg_seq35.pdb,0.54032,0.9896049896049897
wzg,wzg_seq40.pdb,wzg_seq63.pdb,0.44832,0.9833679833679834
wzg,wzg_seq40.pdb,wzg_seq3.pdb,0.39269,0.9646569646569647
wzg,wzg_seq40.pdb,wzg_seq29.pdb,0.41832,0.975
wzg,wzg_seq40.pdb,wzg_seq31.pdb,0.43127,0.9563409563409564
wzg,wzg_seq40.pdb,wzg_seq61.pdb,0.359,0.9854469854469855
wzg,wzg_seq40.pdb,wzg_seq20.pdb,0.3486,0.9875259875259875
wzg,wzg_seq40.pdb,wzg_seq41.pdb,0.37585,0.975
wzg,wzg_seq40.pdb,wzg_seq23.pdb,0.38321,0.9688149688149689
wzg,wzg_seq40.pdb,wzg_seq11.pdb,0.44787,0.9833679833679834
wzg,wzg_seq40.pdb,wzg_seq5.pdb,0.53636,0.9771309771309772
wzg,wzg_seq40.pdb,wzg_seq56.pdb,0.4812,0.9604166666666667
wzg,wzg_seq6.pdb,wzg_seq62.pdb,0.42973,0.9625
wzg,wzg_seq6.pdb,wzg_seq24.pdb,0.55415,0.9833679833679834
wzg,wzg_seq6.pdb,wzg_seq45.pdb,0.41435,0.9646569646569647
wzg,wzg_seq6.pdb,wzg_seq22.pdb,0.41903,0.9875259875259875
wzg,wzg_seq6.pdb,wzg_seq43.pdb,0.4412,0.9771309771309772
wzg,wzg_seq6.pdb,wzg_seq9.pdb,0.53782,0.9854469854469855
wzg,wzg_seq6.pdb,wzg_seq52.pdb,0.48171,0.96875
wzg,wzg_seq6.pdb,wzg_seq15.pdb,0.5601,0.9812889812889813
wzg,wzg_seq6.pdb,wzg_seq42.pdb,0.4239,0.9875259875259875
wzg,wzg_seq6.pdb,wzg_seq21.pdb,0.52858,0.9792099792099792
wzg,wzg_seq6.pdb,wzg_seq50.pdb,0.56017,0.9645833333333333
wzg,wzg_seq6.pdb,wzg_seq60.pdb,0.42932,0.9520833333333333
wzg,wzg_seq6.pdb,wzg_seq32.pdb,0.60393,0.9542619542619543
wzg,wzg_seq6.pdb,wzg_seq16.pdb,0.44733,0.9833679833679834
wzg,wzg_seq6.pdb,wzg_seq39.pdb,0.44137,0.9833679833679834
wzg,wzg_seq6.pdb,wzg_seq34.pdb,0.47583,0.9521829521829522
wzg,wzg_seq6.pdb,wzg_seq25.pdb,0.47325,0.9833679833679834
wzg,wzg_seq6.pdb,wzg_seq49.pdb,0.51805,0.9854469854469855
wzg,wzg_seq6.pdb,wzg_seq1.pdb,0.56327,0.9645833333333333
wzg,wzg_seq6.pdb,wzg_seq54.pdb,0.43975,0.9666666666666667
wzg,wzg_seq6.pdb,wzg_seq13.pdb,0.4754,0.9604166666666667
wzg,wzg_seq6.pdb,wzg_seq58.pdb,0.46281,0.9833679833679834
wzg,wzg_seq6.pdb,wzg_seq10.pdb,0.48427,0.9833679833679834
wzg,wzg_seq6.pdb,wzg_seq51.pdb,0.60932,0.9896049896049897
wzg,wzg_seq6.pdb,wzg_seq17.pdb,0.46359,0.9376299376299376
wzg,wzg_seq6.pdb,wzg_seq33.pdb,0.60168,0.9833679833679834
wzg,wzg_seq6.pdb,wzg_seq30.pdb,0.5994,0.9521829521829522
wzg,wzg_seq6.pdb,wzg_seq8.pdb,0.66717,0.9833679833679834
wzg,wzg_seq6.pdb,wzg_seq44.pdb,0.31307,0.6743215031315241
wzg,wzg_seq6.pdb,wzg_seq37.pdb,0.43227,0.9688149688149689
wzg,wzg_seq6.pdb,wzg_seq4.pdb,0.57238,0.9812889812889813
wzg,wzg_seq6.pdb,wzg_seq46.pdb,0.43959,0.9771309771309772
wzg,wzg_seq6.pdb,wzg_seq55.pdb,0.38654,0.9646569646569647
wzg,wzg_seq6.pdb,wzg_seq57.pdb,0.28916,0.6743215031315241
wzg,wzg_seq6.pdb,wzg_seq28.pdb,0.65364,0.9604166666666667
wzg,wzg_seq6.pdb,wzg_seq35.pdb,0.35507,0.9854469854469855
wzg,wzg_seq6.pdb,wzg_seq63.pdb,0.36324,0.9792099792099792
wzg,wzg_seq6.pdb,wzg_seq3.pdb,0.45948,0.9667359667359667
wzg,wzg_seq6.pdb,wzg_seq29.pdb,0.57471,0.9666666666666667
wzg,wzg_seq6.pdb,wzg_seq31.pdb,0.44,0.9542619542619543
wzg,wzg_seq6.pdb,wzg_seq61.pdb,0.41732,0.9854469854469855
wzg,wzg_seq6.pdb,wzg_seq20.pdb,0.49427,0.975051975051975
wzg,wzg_seq6.pdb,wzg_seq41.pdb,0.66501,0.9708333333333333
wzg,wzg_seq6.pdb,wzg_seq23.pdb,0.39637,0.9625779625779626
wzg,wzg_seq6.pdb,wzg_seq11.pdb,0.45518,0.9833679833679834
wzg,wzg_seq6.pdb,wzg_seq5.pdb,0.49943,0.9854469854469855
wzg,wzg_seq6.pdb,wzg_seq56.pdb,0.4068,0.9604166666666667
wzg,wzg_seq62.pdb,wzg_seq24.pdb,0.31084,0.9625
wzg,wzg_seq62.pdb,wzg_seq45.pdb,0.35223,0.95
wzg,wzg_seq62.pdb,wzg_seq22.pdb,0.33683,0.9625
wzg,wzg_seq62.pdb,wzg_seq43.pdb,0.37823,0.9625
wzg,wzg_seq62.pdb,wzg_seq9.pdb,0.47189,0.9666666666666667
wzg,wzg_seq62.pdb,wzg_seq52.pdb,0.43992,0.9854469854469855
wzg,wzg_seq62.pdb,wzg_seq15.pdb,0.35986,0.9645833333333333
wzg,wzg_seq62.pdb,wzg_seq42.pdb,0.43088,0.9625
wzg,wzg_seq62.pdb,wzg_seq21.pdb,0.43219,0.9666666666666667
wzg,wzg_seq62.pdb,wzg_seq50.pdb,0.34367,0.9875259875259875
wzg,wzg_seq62.pdb,wzg_seq60.pdb,0.50464,0.9625779625779626
wzg,wzg_seq62.pdb,wzg_seq32.pdb,0.39532,0.9354166666666667
wzg,wzg_seq62.pdb,wzg_seq16.pdb,0.33161,0.9583333333333334
wzg,wzg_seq62.pdb,wzg_seq39.pdb,0.40149,0.9625
wzg,wzg_seq62.pdb,wzg_seq34.pdb,0.35074,0.9375
wzg,wzg_seq62.pdb,wzg_seq25.pdb,0.43697,0.9625
wzg,wzg_seq62.pdb,wzg_seq49.pdb,0.4872,0.9604166666666667
wzg,wzg_seq62.pdb,wzg_seq1.pdb,0.40412,0.9771309771309772
wzg,wzg_seq62.pdb,wzg_seq54.pdb,0.45791,0.9833679833679834
wzg,wzg_seq62.pdb,wzg_seq13.pdb,0.53812,0.972972972972973
wzg,wzg_seq62.pdb,wzg_seq58.pdb,0.48994,0.9645833333333333
wzg,wzg_seq62.pdb,wzg_seq10.pdb,0.39516,0.9625779625779626
wzg,wzg_seq62.pdb,wzg_seq51.pdb,0.51186,0.9645833333333333
wzg,wzg_seq62.pdb,wzg_seq17.pdb,0.34414,0.9293139293139293
wzg,wzg_seq62.pdb,wzg_seq33.pdb,0.40445,0.9583333333333334
wzg,wzg_seq62.pdb,wzg_seq30.pdb,0.37094,0.9291666666666667
wzg,wzg_seq62.pdb,wzg_seq8.pdb,0.42495,0.9666666666666667
wzg,wzg_seq62.pdb,wzg_seq44.pdb,0.36741,0.6805845511482255
wzg,wzg_seq62.pdb,wzg_seq37.pdb,0.35229,0.9541666666666667
wzg,wzg_seq62.pdb,wzg_seq4.pdb,0.38869,0.9583333333333334
wzg,wzg_seq62.pdb,wzg_seq46.pdb,0.32702,0.9625
wzg,wzg_seq62.pdb,wzg_seq55.pdb,0.40425,0.95
wzg,wzg_seq62.pdb,wzg_seq57.pdb,0.29461,0.6805845511482255
wzg,wzg_seq62.pdb,wzg_seq28.pdb,0.49397,0.972972972972973
wzg,wzg_seq62.pdb,wzg_seq35.pdb,0.4032,0.9666666666666667
wzg,wzg_seq62.pdb,wzg_seq63.pdb,0.34701,0.9604166666666667
wzg,wzg_seq62.pdb,wzg_seq3.pdb,0.4108,0.9582463465553236
wzg,wzg_seq62.pdb,wzg_seq29.pdb,0.40147,0.9875259875259875
wzg,wzg_seq62.pdb,wzg_seq31.pdb,0.41563,0.9354166666666667
wzg,wzg_seq62.pdb,wzg_seq61.pdb,0.43255,0.9645833333333333
wzg,wzg_seq62.pdb,wzg_seq20.pdb,0.48166,0.9625
wzg,wzg_seq62.pdb,wzg_seq41.pdb,0.48767,0.9875259875259875
wzg,wzg_seq62.pdb,wzg_seq23.pdb,0.37339,0.9479166666666666
wzg,wzg_seq62.pdb,wzg_seq11.pdb,0.42742,0.9666666666666667
wzg,wzg_seq62.pdb,wzg_seq5.pdb,0.32927,0.9583333333333334
wzg,wzg_seq62.pdb,wzg_seq56.pdb,0.42491,0.9708939708939709
wzg,wzg_seq24.pdb,wzg_seq45.pdb,0.40335,0.9688149688149689
wzg,wzg_seq24.pdb,wzg_seq22.pdb,0.41408,0.9937629937629938
wzg,wzg_seq24.pdb,wzg_seq43.pdb,0.39088,0.9792099792099792
wzg,wzg_seq24.pdb,wzg_seq9.pdb,0.43964,0.9812889812889813
wzg,wzg_seq24.pdb,wzg_seq52.pdb,0.36518,0.9708333333333333
wzg,wzg_seq24.pdb,wzg_seq15.pdb,0.45094,0.9833679833679834
wzg,wzg_seq24.pdb,wzg_seq42.pdb,0.29978,0.9937629937629938
wzg,wzg_seq24.pdb,wzg_seq21.pdb,0.3542,0.9833679833679834
wzg,wzg_seq24.pdb,wzg_seq50.pdb,0.54318,0.9708333333333333
wzg,wzg_seq24.pdb,wzg_seq60.pdb,0.31871,0.9520833333333333
wzg,wzg_seq24.pdb,wzg_seq32.pdb,0.43744,0.9542619542619543
wzg,wzg_seq24.pdb,wzg_seq16.pdb,0.38899,0.9792099792099792
wzg,wzg_seq24.pdb,wzg_seq39.pdb,0.51713,0.997920997920998
wzg,wzg_seq24.pdb,wzg_seq34.pdb,0.46962,0.9501039501039501
wzg,wzg_seq24.pdb,wzg_seq25.pdb,0.36813,1.0
wzg,wzg_seq24.pdb,wzg_seq49.pdb,0.37571,0.9833679833679834
wzg,wzg_seq24.pdb,wzg_seq1.pdb,0.40826,0.9625
wzg,wzg_seq24.pdb,wzg_seq54.pdb,0.35349,0.96875
wzg,wzg_seq24.pdb,wzg_seq13.pdb,0.34583,0.9645833333333333
wzg,wzg_seq24.pdb,wzg_seq58.pdb,0.36573,0.9812889812889813
wzg,wzg_seq24.pdb,wzg_seq10.pdb,0.43508,0.9792099792099792
wzg,wzg_seq24.pdb,wzg_seq51.pdb,0.47174,0.9875259875259875
wzg,wzg_seq24.pdb,wzg_seq17.pdb,0.41621,0.9293139293139293
wzg,wzg_seq24.pdb,wzg_seq33.pdb,0.39032,0.9792099792099792
wzg,wzg_seq24.pdb,wzg_seq30.pdb,0.51663,0.9438669438669439
wzg,wzg_seq24.pdb,wzg_seq8.pdb,0.48591,0.9833679833679834
wzg,wzg_seq24.pdb,wzg_seq44.pdb,0.26801,0.6722338204592901
wzg,wzg_seq24.pdb,wzg_seq37.pdb,0.43526,0.9688149688149689
wzg,wzg_seq24.pdb,wzg_seq4.pdb,0.47489,0.9792099792099792
wzg,wzg_seq24.pdb,wzg_seq46.pdb,0.41099,0.9792099792099792
wzg,wzg_seq24.pdb,wzg_seq55.pdb,0.36341,0.9688149688149689
wzg,wzg_seq24.pdb,wzg_seq57.pdb,0.31287,0.6722338204592901
wzg,wzg_seq24.pdb,wzg_seq28.pdb,0.45247,0.96875
wzg,wzg_seq24.pdb,wzg_seq35.pdb,0.332,0.9875259875259875
wzg,wzg_seq24.pdb,wzg_seq63.pdb,0.48124,0.9812889812889813
wzg,wzg_seq24.pdb,wzg_seq3.pdb,0.43581,0.9646569646569647
wzg,wzg_seq24.pdb,wzg_seq29.pdb,0.46861,0.9729166666666667
wzg,wzg_seq24.pdb,wzg_seq31.pdb,0.41751,0.9542619542619543
wzg,wzg_seq24.pdb,wzg_seq61.pdb,0.35098,0.9854469854469855
wzg,wzg_seq24.pdb,wzg_seq20.pdb,0.35596,0.9854469854469855
wzg,wzg_seq24.pdb,wzg_seq41.pdb,0.43263,0.975
wzg,wzg_seq24.pdb,wzg_seq23.pdb,0.33141,0.9667359667359667
wzg,wzg_seq24.pdb,wzg_seq11.pdb,0.40941,0.9833679833679834
wzg,wzg_seq24.pdb,wzg_seq5.pdb,0.47023,0.9771309771309772
wzg,wzg_seq24.pdb,wzg_seq56.pdb,0.40097,0.9583333333333334
wzg,wzg_seq45.pdb,wzg_seq22.pdb,0.45,0.972972972972973
wzg,wzg_seq45.pdb,wzg_seq43.pdb,0.38204,0.9646569646569647
wzg,wzg_seq45.pdb,wzg_seq9.pdb,0.40389,0.9604989604989606
wzg,wzg_seq45.pdb,wzg_seq52.pdb,0.37411,0.9479166666666666
wzg,wzg_seq45.pdb,wzg_seq15.pdb,0.38947,0.9667359667359667
wzg,wzg_seq45.pdb,wzg_seq42.pdb,0.37997,0.972972972972973
wzg,wzg_seq45.pdb,wzg_seq21.pdb,0.34516,0.9584199584199584
wzg,wzg_seq45.pdb,wzg_seq50.pdb,0.42676,0.95
wzg,wzg_seq45.pdb,wzg_seq60.pdb,0.35363,0.9333333333333333
wzg,wzg_seq45.pdb,wzg_seq32.pdb,0.3775,0.9771309771309772
wzg,wzg_seq45.pdb,wzg_seq16.pdb,0.41562,0.9563409563409564
wzg,wzg_seq45.pdb,wzg_seq39.pdb,0.34541,0.9708939708939709
wzg,wzg_seq45.pdb,wzg_seq34.pdb,0.4065,0.9313929313929314
wzg,wzg_seq45.pdb,wzg_seq25.pdb,0.36806,0.9688149688149689
wzg,wzg_seq45.pdb,wzg_seq49.pdb,0.3396,0.9646569646569647
wzg,wzg_seq45.pdb,wzg_seq1.pdb,0.39222,0.9479166666666666
wzg,wzg_seq45.pdb,wzg_seq54.pdb,0.39519,0.9458333333333333
wzg,wzg_seq45.pdb,wzg_seq13.pdb,0.35192,0.9375
wzg,wzg_seq45.pdb,wzg_seq58.pdb,0.32474,0.9625779625779626
wzg,wzg_seq45.pdb,wzg_seq10.pdb,0.42622,0.9584199584199584
wzg,wzg_seq45.pdb,wzg_seq51.pdb,0.42202,0.9688149688149689
wzg,wzg_seq45.pdb,wzg_seq17.pdb,0.53711,0.9126819126819127
wzg,wzg_seq45.pdb,wzg_seq33.pdb,0.3624,0.9563409563409564
wzg,wzg_seq45.pdb,wzg_seq30.pdb,0.39817,0.9667359667359667
wzg,wzg_seq45.pdb,wzg_seq8.pdb,0.37847,0.9584199584199584
wzg,wzg_seq45.pdb,wzg_seq44.pdb,0.30996,0.6861924686192469
wzg,wzg_seq45.pdb,wzg_seq37.pdb,0.50206,0.9916839916839917
wzg,wzg_seq45.pdb,wzg_seq4.pdb,0.51429,0.9604989604989606
wzg,wzg_seq45.pdb,wzg_seq46.pdb,0.468,0.9646569646569647
wzg,wzg_seq45.pdb,wzg_seq55.pdb,0.48225,0.9916839916839917
wzg,wzg_seq45.pdb,wzg_seq57.pdb,0.31565,0.6861924686192469
wzg,wzg_seq45.pdb,wzg_seq28.pdb,0.32913,0.9416666666666667
wzg,wzg_seq45.pdb,wzg_seq35.pdb,0.42304,0.975051975051975
wzg,wzg_seq45.pdb,wzg_seq63.pdb,0.43655,0.9584199584199584
wzg,wzg_seq45.pdb,wzg_seq3.pdb,0.38598,0.9854469854469855
wzg,wzg_seq45.pdb,wzg_seq29.pdb,0.40453,0.95
wzg,wzg_seq45.pdb,wzg_seq31.pdb,0.36709,0.9771309771309772
wzg,wzg_seq45.pdb,wzg_seq61.pdb,0.34721,0.9625779625779626
wzg,wzg_seq45.pdb,wzg_seq20.pdb,0.35574,0.9625779625779626
wzg,wzg_seq45.pdb,wzg_seq41.pdb,0.3663,0.95
wzg,wzg_seq45.pdb,wzg_seq23.pdb,0.43985,0.9896049896049897
wzg,wzg_seq45.pdb,wzg_seq11.pdb,0.35794,0.9584199584199584
wzg,wzg_seq45.pdb,wzg_seq5.pdb,0.44071,0.9625779625779626
wzg,wzg_seq45.pdb,wzg_seq56.pdb,0.47867,0.9395833333333333
wzg,wzg_seq22.pdb,wzg_seq43.pdb,0.35436,0.9812889812889813
wzg,wzg_seq22.pdb,wzg_seq9.pdb,0.49655,0.9812889812889813
wzg,wzg_seq22.pdb,wzg_seq52.pdb,0.33375,0.9729166666666667
wzg,wzg_seq22.pdb,wzg_seq15.pdb,0.33957,0.9854469854469855
wzg,wzg_seq22.pdb,wzg_seq42.pdb,0.36016,1.0
wzg,wzg_seq22.pdb,wzg_seq21.pdb,0.33372,0.9833679833679834
wzg,wzg_seq22.pdb,wzg_seq50.pdb,0.39687,0.9729166666666667
wzg,wzg_seq22.pdb,wzg_seq60.pdb,0.33742,0.9583333333333334
wzg,wzg_seq22.pdb,wzg_seq32.pdb,0.35228,0.9584199584199584
wzg,wzg_seq22.pdb,wzg_seq16.pdb,0.36903,0.9833679833679834
wzg,wzg_seq22.pdb,wzg_seq39.pdb,0.35315,0.9958419958419958
wzg,wzg_seq22.pdb,wzg_seq34.pdb,0.3799,0.9563409563409564
wzg,wzg_seq22.pdb,wzg_seq25.pdb,0.33173,0.9937629937629938
wzg,wzg_seq22.pdb,wzg_seq49.pdb,0.3023,0.9854469854469855
wzg,wzg_seq22.pdb,wzg_seq1.pdb,0.33831,0.9645833333333333
wzg,wzg_seq22.pdb,wzg_seq54.pdb,0.35121,0.9708333333333333
wzg,wzg_seq22.pdb,wzg_seq13.pdb,0.34713,0.9625
wzg,wzg_seq22.pdb,wzg_seq58.pdb,0.36946,0.9833679833679834
wzg,wzg_seq22.pdb,wzg_seq10.pdb,0.39858,0.9792099792099792
wzg,wzg_seq22.pdb,wzg_seq51.pdb,0.3966,0.9896049896049897
wzg,wzg_seq22.pdb,wzg_seq17.pdb,0.39253,0.9334719334719335
wzg,wzg_seq22.pdb,wzg_seq33.pdb,0.34744,0.9833679833679834
wzg,wzg_seq22.pdb,wzg_seq30.pdb,0.36413,0.9480249480249481
wzg,wzg_seq22.pdb,wzg_seq8.pdb,0.38478,0.9792099792099792
wzg,wzg_seq22.pdb,wzg_seq44.pdb,0.32782,0.6799163179916318
wzg,wzg_seq22.pdb,wzg_seq37.pdb,0.39543,0.972972972972973
wzg,wzg_seq22.pdb,wzg_seq4.pdb,0.39069,0.9812889812889813
wzg,wzg_seq22.pdb,wzg_seq46.pdb,0.42258,0.9812889812889813
wzg,wzg_seq22.pdb,wzg_seq55.pdb,0.3438,0.972972972972973
wzg,wzg_seq22.pdb,wzg_seq57.pdb,0.39347,0.6799163179916318
wzg,wzg_seq22.pdb,wzg_seq28.pdb,0.34306,0.9666666666666667
wzg,wzg_seq22.pdb,wzg_seq35.pdb,0.37638,0.9937629937629938
wzg,wzg_seq22.pdb,wzg_seq63.pdb,0.41351,0.9833679833679834
wzg,wzg_seq22.pdb,wzg_seq3.pdb,0.36858,0.9667359667359667
wzg,wzg_seq22.pdb,wzg_seq29.pdb,0.34981,0.975
wzg,wzg_seq22.pdb,wzg_seq31.pdb,0.33274,0.9584199584199584
wzg,wzg_seq22.pdb,wzg_seq61.pdb,0.34567,0.9896049896049897
wzg,wzg_seq22.pdb,wzg_seq20.pdb,0.32654,0.9875259875259875
wzg,wzg_seq22.pdb,wzg_seq41.pdb,0.35182,0.975
wzg,wzg_seq22.pdb,wzg_seq23.pdb,0.3191,0.9708939708939709
wzg,wzg_seq22.pdb,wzg_seq11.pdb,0.35776,0.9792099792099792
wzg,wzg_seq22.pdb,wzg_seq5.pdb,0.42077,0.9812889812889813
wzg,wzg_seq22.pdb,wzg_seq56.pdb,0.37025,0.9604166666666667
wzg,wzg_seq43.pdb,wzg_seq9.pdb,0.3709,0.9792099792099792
wzg,wzg_seq43.pdb,wzg_seq52.pdb,0.40881,0.9666666666666667
wzg,wzg_seq43.pdb,wzg_seq15.pdb,0.4039,0.9937629937629938
wzg,wzg_seq43.pdb,wzg_seq42.pdb,0.35291,0.9812889812889813
wzg,wzg_seq43.pdb,wzg_seq21.pdb,0.41938,0.972972972972973
wzg,wzg_seq43.pdb,wzg_seq50.pdb,0.46967,0.96875
wzg,wzg_seq43.pdb,wzg_seq60.pdb,0.37854,0.9458333333333333
wzg,wzg_seq43.pdb,wzg_seq32.pdb,0.44262,0.9480249480249481
wzg,wzg_seq43.pdb,wzg_seq16.pdb,0.42916,0.9688149688149689
wzg,wzg_seq43.pdb,wzg_seq39.pdb,0.4837,0.9812889812889813
wzg,wzg_seq43.pdb,wzg_seq34.pdb,0.40621,0.9459459459459459
wzg,wzg_seq43.pdb,wzg_seq25.pdb,0.35574,0.9792099792099792
wzg,wzg_seq43.pdb,wzg_seq49.pdb,0.42276,0.9792099792099792
wzg,wzg_seq43.pdb,wzg_seq1.pdb,0.48467,0.9625
wzg,wzg_seq43.pdb,wzg_seq54.pdb,0.40806,0.9645833333333333
wzg,wzg_seq43.pdb,wzg_seq13.pdb,0.3627,0.95625
wzg,wzg_seq43.pdb,wzg_seq58.pdb,0.37556,0.9854469854469855
wzg,wzg_seq43.pdb,wzg_seq10.pdb,0.36938,0.9771309771309772
wzg,wzg_seq43.pdb,wzg_seq51.pdb,0.408,0.9833679833679834
wzg,wzg_seq43.pdb,wzg_seq17.pdb,0.34928,0.9230769230769231
wzg,wzg_seq43.pdb,wzg_seq33.pdb,0.43557,0.9688149688149689
wzg,wzg_seq43.pdb,wzg_seq30.pdb,0.48592,0.9417879417879418
wzg,wzg_seq43.pdb,wzg_seq8.pdb,0.48458,0.9771309771309772
wzg,wzg_seq43.pdb,wzg_seq44.pdb,0.29572,0.6736401673640168
wzg,wzg_seq43.pdb,wzg_seq37.pdb,0.35631,0.9667359667359667
wzg,wzg_seq43.pdb,wzg_seq4.pdb,0.43238,0.975051975051975
wzg,wzg_seq43.pdb,wzg_seq46.pdb,0.33419,1.0
wzg,wzg_seq43.pdb,wzg_seq55.pdb,0.41033,0.9625779625779626
wzg,wzg_seq43.pdb,wzg_seq57.pdb,0.31547,0.6736401673640168
wzg,wzg_seq43.pdb,wzg_seq28.pdb,0.48511,0.95625
wzg,wzg_seq43.pdb,wzg_seq35.pdb,0.37629,0.9812889812889813
wzg,wzg_seq43.pdb,wzg_seq63.pdb,0.34745,0.9771309771309772
wzg,wzg_seq43.pdb,wzg_seq3.pdb,0.38625,0.9604989604989606
wzg,wzg_seq43.pdb,wzg_seq29.pdb,0.45304,0.96875
wzg,wzg_seq43.pdb,wzg_seq31.pdb,0.42719,0.9480249480249481
wzg,wzg_seq43.pdb,wzg_seq61.pdb,0.41292,0.975051975051975
wzg,wzg_seq43.pdb,wzg_seq20.pdb,0.44425,0.9771309771309772
wzg,wzg_seq43.pdb,wzg_seq41.pdb,0.50454,0.96875
wzg,wzg_seq43.pdb,wzg_seq23.pdb,0.39416,0.9604989604989606
wzg,wzg_seq43.pdb,wzg_seq11.pdb,0.41997,0.9771309771309772
wzg,wzg_seq43.pdb,wzg_seq5.pdb,0.40762,0.9688149688149689
wzg,wzg_seq43.pdb,wzg_seq56.pdb,0.37895,0.9583333333333334
wzg,wzg_seq9.pdb,wzg_seq52.pdb,0.48745,0.9708333333333333
wzg,wzg_seq9.pdb,wzg_seq15.pdb,0.51781,0.9833679833679834
wzg,wzg_seq9.pdb,wzg_seq42.pdb,0.38968,0.9812889812889813
wzg,wzg_seq9.pdb,wzg_seq21.pdb,0.49362,0.9771309771309772
wzg,wzg_seq9.pdb,wzg_seq50.pdb,0.47394,0.9666666666666667
wzg,wzg_seq9.pdb,wzg_seq60.pdb,0.43925,0.9541666666666667
wzg,wzg_seq9.pdb,wzg_seq32.pdb,0.57686,0.9501039501039501
wzg,wzg_seq9.pdb,wzg_seq16.pdb,0.36278,0.9771309771309772
wzg,wzg_seq9.pdb,wzg_seq39.pdb,0.41305,0.9812889812889813
wzg,wzg_seq9.pdb,wzg_seq34.pdb,0.38122,0.9542619542619543
wzg,wzg_seq9.pdb,wzg_seq25.pdb,0.45135,0.9812889812889813
wzg,wzg_seq9.pdb,wzg_seq49.pdb,0.41726,0.9833679833679834
wzg,wzg_seq9.pdb,wzg_seq1.pdb,0.51348,0.9666666666666667
wzg,wzg_seq9.pdb,wzg_seq54.pdb,0.45714,0.96875
wzg,wzg_seq9.pdb,wzg_seq13.pdb,0.49903,0.9625
wzg,wzg_seq9.pdb,wzg_seq58.pdb,0.48412,0.9937629937629938
wzg,wzg_seq9.pdb,wzg_seq10.pdb,0.41431,0.9937629937629938
wzg,wzg_seq9.pdb,wzg_seq51.pdb,0.44102,0.9875259875259875
wzg,wzg_seq9.pdb,wzg_seq17.pdb,0.36928,0.9355509355509356
wzg,wzg_seq9.pdb,wzg_seq33.pdb,0.48553,0.9771309771309772
wzg,wzg_seq9.pdb,wzg_seq30.pdb,0.44681,0.9438669438669439
wzg,wzg_seq9.pdb,wzg_seq8.pdb,0.59526,0.9854469854469855
wzg,wzg_seq9.pdb,wzg_seq44.pdb,0.35459,0.6743215031315241
wzg,wzg_seq9.pdb,wzg_seq37.pdb,0.33793,0.9646569646569647
wzg,wzg_seq9.pdb,wzg_seq4.pdb,0.40521,0.9792099792099792
wzg,wzg_seq9.pdb,wzg_seq46.pdb,0.38463,0.9792099792099792
wzg,wzg_seq9.pdb,wzg_seq55.pdb,0.35382,0.9604989604989606
wzg,wzg_seq9.pdb,wzg_seq57.pdb,0.30304,0.6743215031315241
wzg,wzg_seq9.pdb,wzg_seq28.pdb,0.56583,0.9625
wzg,wzg_seq9.pdb,wzg_seq35.pdb,0.33942,0.9833679833679834
wzg,wzg_seq9.pdb,wzg_seq63.pdb,0.35638,0.9812889812889813
wzg,wzg_seq9.pdb,wzg_seq3.pdb,0.41134,0.9625779625779626
wzg,wzg_seq9.pdb,wzg_seq29.pdb,0.50281,0.96875
wzg,wzg_seq9.pdb,wzg_seq31.pdb,0.32256,0.9501039501039501
wzg,wzg_seq9.pdb,wzg_seq61.pdb,0.46184,0.9792099792099792
wzg,wzg_seq9.pdb,wzg_seq20.pdb,0.58081,0.9771309771309772
wzg,wzg_seq9.pdb,wzg_seq41.pdb,0.56797,0.9729166666666667
wzg,wzg_seq9.pdb,wzg_seq23.pdb,0.36044,0.9584199584199584
wzg,wzg_seq9.pdb,wzg_seq11.pdb,0.4066,0.9854469854469855
wzg,wzg_seq9.pdb,wzg_seq5.pdb,0.36365,0.9792099792099792
wzg,wzg_seq9.pdb,wzg_seq56.pdb,0.37638,0.9625
wzg,wzg_seq52.pdb,wzg_seq15.pdb,0.46045,0.9708333333333333
wzg,wzg_seq52.pdb,wzg_seq42.pdb,0.54875,0.9729166666666667
wzg,wzg_seq52.pdb,wzg_seq21.pdb,0.64887,0.9729166666666667
wzg,wzg_seq52.pdb,wzg_seq50.pdb,0.43733,0.9958419958419958
wzg,wzg_seq52.pdb,wzg_seq60.pdb,0.42292,0.972972972972973
wzg,wzg_seq52.pdb,wzg_seq32.pdb,0.52204,0.9375
wzg,wzg_seq52.pdb,wzg_seq16.pdb,0.39465,0.96875
wzg,wzg_seq52.pdb,wzg_seq39.pdb,0.49494,0.9729166666666667
wzg,wzg_seq52.pdb,wzg_seq34.pdb,0.39016,0.95
wzg,wzg_seq52.pdb,wzg_seq25.pdb,0.42217,0.9708333333333333
wzg,wzg_seq52.pdb,wzg_seq49.pdb,0.47077,0.9708333333333333
wzg,wzg_seq52.pdb,wzg_seq1.pdb,0.45336,0.9875259875259875
wzg,wzg_seq52.pdb,wzg_seq54.pdb,0.65881,0.997920997920998
wzg,wzg_seq52.pdb,wzg_seq13.pdb,0.45612,0.9854469854469855
wzg,wzg_seq52.pdb,wzg_seq58.pdb,0.6283,0.9729166666666667
wzg,wzg_seq52.pdb,wzg_seq10.pdb,0.35954,0.9667359667359667
wzg,wzg_seq52.pdb,wzg_seq51.pdb,0.4233,0.975
wzg,wzg_seq52.pdb,wzg_seq17.pdb,0.43356,0.9376299376299376
wzg,wzg_seq52.pdb,wzg_seq33.pdb,0.52375,0.96875
wzg,wzg_seq52.pdb,wzg_seq30.pdb,0.4679,0.93125
wzg,wzg_seq52.pdb,wzg_seq8.pdb,0.44947,0.9729166666666667
wzg,wzg_seq52.pdb,wzg_seq44.pdb,0.31437,0.6841004184100419
wzg,wzg_seq52.pdb,wzg_seq37.pdb,0.40917,0.9520833333333333
wzg,wzg_seq52.pdb,wzg_seq4.pdb,0.42938,0.96875
wzg,wzg_seq52.pdb,wzg_seq46.pdb,0.3793,0.9666666666666667
wzg,wzg_seq52.pdb,wzg_seq55.pdb,0.46668,0.9479166666666666
wzg,wzg_seq52.pdb,wzg_seq57.pdb,0.25199,0.6841004184100419
wzg,wzg_seq52.pdb,wzg_seq28.pdb,0.51469,0.9854469854469855
wzg,wzg_seq52.pdb,wzg_seq35.pdb,0.44607,0.9666666666666667
wzg,wzg_seq52.pdb,wzg_seq63.pdb,0.34651,0.975
wzg,wzg_seq52.pdb,wzg_seq3.pdb,0.39399,0.9519832985386222
wzg,wzg_seq52.pdb,wzg_seq29.pdb,0.41609,0.997920997920998
wzg,wzg_seq52.pdb,wzg_seq31.pdb,0.51492,0.9375
wzg,wzg_seq52.pdb,wzg_seq61.pdb,0.54191,0.9708333333333333
wzg,wzg_seq52.pdb,wzg_seq20.pdb,0.59811,0.9729166666666667
wzg,wzg_seq52.pdb,wzg_seq41.pdb,0.504,0.9937629937629938
wzg,wzg_seq52.pdb,wzg_seq23.pdb,0.43035,0.9458333333333333
wzg,wzg_seq52.pdb,wzg_seq11.pdb,0.72063,0.9729166666666667
wzg,wzg_seq52.pdb,wzg_seq5.pdb,0.44399,0.9583333333333334
wzg,wzg_seq52.pdb,wzg_seq56.pdb,0.44605,0.9812889812889813
wzg,wzg_seq15.pdb,wzg_seq42.pdb,0.44613,0.9854469854469855
wzg,wzg_seq15.pdb,wzg_seq21.pdb,0.43394,0.9771309771309772
wzg,wzg_seq15.pdb,wzg_seq50.pdb,0.53724,0.9708333333333333
wzg,wzg_seq15.pdb,wzg_seq60.pdb,0.33292,0.95
wzg,wzg_seq15.pdb,wzg_seq32.pdb,0.58652,0.9501039501039501
wzg,wzg_seq15.pdb,wzg_seq16.pdb,0.44982,0.972972972972973
wzg,wzg_seq15.pdb,wzg_seq39.pdb,0.55671,0.9854469854469855
wzg,wzg_seq15.pdb,wzg_seq34.pdb,0.44008,0.9501039501039501
wzg,wzg_seq15.pdb,wzg_seq25.pdb,0.41218,0.9833679833679834
wzg,wzg_seq15.pdb,wzg_seq49.pdb,0.43637,0.9833679833679834
wzg,wzg_seq15.pdb,wzg_seq1.pdb,0.47679,0.9666666666666667
wzg,wzg_seq15.pdb,wzg_seq54.pdb,0.37497,0.96875
wzg,wzg_seq15.pdb,wzg_seq13.pdb,0.45501,0.9604166666666667
wzg,wzg_seq15.pdb,wzg_seq58.pdb,0.38216,0.9896049896049897
wzg,wzg_seq15.pdb,wzg_seq10.pdb,0.43171,0.9812889812889813
wzg,wzg_seq15.pdb,wzg_seq51.pdb,0.5216,0.9875259875259875
wzg,wzg_seq15.pdb,wzg_seq17.pdb,0.40058,0.9272349272349273
wzg,wzg_seq15.pdb,wzg_seq33.pdb,0.52285,0.972972972972973
wzg,wzg_seq15.pdb,wzg_seq30.pdb,0.49836,0.9438669438669439
wzg,wzg_seq15.pdb,wzg_seq8.pdb,0.4896,0.9812889812889813
wzg,wzg_seq15.pdb,wzg_seq44.pdb,0.29055,0.6736401673640168
wzg,wzg_seq15.pdb,wzg_seq37.pdb,0.43794,0.9688149688149689
wzg,wzg_seq15.pdb,wzg_seq4.pdb,0.45831,0.9792099792099792
wzg,wzg_seq15.pdb,wzg_seq46.pdb,0.37614,0.9937629937629938
wzg,wzg_seq15.pdb,wzg_seq55.pdb,0.46797,0.9646569646569647
wzg,wzg_seq15.pdb,wzg_seq57.pdb,0.29949,0.6736401673640168
wzg,wzg_seq15.pdb,wzg_seq28.pdb,0.52261,0.9604166666666667
wzg,wzg_seq15.pdb,wzg_seq35.pdb,0.43139,0.9833679833679834
wzg,wzg_seq15.pdb,wzg_seq63.pdb,0.36088,0.9812889812889813
wzg,wzg_seq15.pdb,wzg_seq3.pdb,0.37991,0.9625779625779626
wzg,wzg_seq15.pdb,wzg_seq29.pdb,0.47388,0.9729166666666667
wzg,wzg_seq15.pdb,wzg_seq31.pdb,0.51727,0.9501039501039501
wzg,wzg_seq15.pdb,wzg_seq61.pdb,0.38047,0.9792099792099792
wzg,wzg_seq15.pdb,wzg_seq20.pdb,0.42384,0.9812889812889813
wzg,wzg_seq15.pdb,wzg_seq41.pdb,0.48172,0.9729166666666667
wzg,wzg_seq15.pdb,wzg_seq23.pdb,0.43497,0.9625779625779626
wzg,wzg_seq15.pdb,wzg_seq11.pdb,0.50785,0.9812889812889813
wzg,wzg_seq15.pdb,wzg_seq5.pdb,0.41089,0.9708939708939709
wzg,wzg_seq15.pdb,wzg_seq56.pdb,0.4678,0.9625
wzg,wzg_seq42.pdb,wzg_seq21.pdb,0.4981,0.9833679833679834
wzg,wzg_seq42.pdb,wzg_seq50.pdb,0.45896,0.9729166666666667
wzg,wzg_seq42.pdb,wzg_seq60.pdb,0.35658,0.9583333333333334
wzg,wzg_seq42.pdb,wzg_seq32.pdb,0.46585,0.9584199584199584
wzg,wzg_seq42.pdb,wzg_seq16.pdb,0.4074,0.9833679833679834
wzg,wzg_seq42.pdb,wzg_seq39.pdb,0.39909,0.9958419958419958
wzg,wzg_seq42.pdb,wzg_seq34.pdb,0.39378,0.9563409563409564
wzg,wzg_seq42.pdb,wzg_seq25.pdb,0.29824,0.9937629937629938
wzg,wzg_seq42.pdb,wzg_seq49.pdb,0.40859,0.9854469854469855
wzg,wzg_seq42.pdb,wzg_seq1.pdb,0.3983,0.9645833333333333
wzg,wzg_seq42.pdb,wzg_seq54.pdb,0.51759,0.9708333333333333
wzg,wzg_seq42.pdb,wzg_seq13.pdb,0.41747,0.9625
wzg,wzg_seq42.pdb,wzg_seq58.pdb,0.49569,0.9833679833679834
wzg,wzg_seq42.pdb,wzg_seq10.pdb,0.3394,0.9792099792099792
wzg,wzg_seq42.pdb,wzg_seq51.pdb,0.42896,0.9896049896049897
wzg,wzg_seq42.pdb,wzg_seq17.pdb,0.35329,0.9334719334719335
wzg,wzg_seq42.pdb,wzg_seq33.pdb,0.42253,0.9833679833679834
wzg,wzg_seq42.pdb,wzg_seq30.pdb,0.40171,0.9480249480249481
wzg,wzg_seq42.pdb,wzg_seq8.pdb,0.41633,0.9792099792099792
wzg,wzg_seq42.pdb,wzg_seq44.pdb,0.28811,0.6799163179916318
wzg,wzg_seq42.pdb,wzg_seq37.pdb,0.42327,0.972972972972973
wzg,wzg_seq42.pdb,wzg_seq4.pdb,0.36115,0.9812889812889813
wzg,wzg_seq42.pdb,wzg_seq46.pdb,0.39636,0.9812889812889813
wzg,wzg_seq42.pdb,wzg_seq55.pdb,0.40522,0.972972972972973
wzg,wzg_seq42.pdb,wzg_seq57.pdb,0.28381,0.6799163179916318
wzg,wzg_seq42.pdb,wzg_seq28.pdb,0.43111,0.9666666666666667
wzg,wzg_seq42.pdb,wzg_seq35.pdb,0.49319,0.9937629937629938
wzg,wzg_seq42.pdb,wzg_seq63.pdb,0.34119,0.9833679833679834
wzg,wzg_seq42.pdb,wzg_seq3.pdb,0.37312,0.9667359667359667
wzg,wzg_seq42.pdb,wzg_seq29.pdb,0.39762,0.975
wzg,wzg_seq42.pdb,wzg_seq31.pdb,0.41206,0.9584199584199584
wzg,wzg_seq42.pdb,wzg_seq61.pdb,0.43049,0.9896049896049897
wzg,wzg_seq42.pdb,wzg_seq20.pdb,0.41753,0.9875259875259875
wzg,wzg_seq42.pdb,wzg_seq41.pdb,0.45185,0.975
wzg,wzg_seq42.pdb,wzg_seq23.pdb,0.47224,0.9708939708939709
wzg,wzg_seq42.pdb,wzg_seq11.pdb,0.51474,0.9792099792099792
wzg,wzg_seq42.pdb,wzg_seq5.pdb,0.40846,0.9812889812889813
wzg,wzg_seq42.pdb,wzg_seq56.pdb,0.45363,0.9604166666666667
wzg,wzg_seq21.pdb,wzg_seq50.pdb,0.39449,0.9729166666666667
wzg,wzg_seq21.pdb,wzg_seq60.pdb,0.41798,0.9458333333333333
wzg,wzg_seq21.pdb,wzg_seq32.pdb,0.54881,0.9438669438669439
wzg,wzg_seq21.pdb,wzg_seq16.pdb,0.37326,0.975051975051975
wzg,wzg_seq21.pdb,wzg_seq39.pdb,0.4289,0.9833679833679834
wzg,wzg_seq21.pdb,wzg_seq34.pdb,0.46009,0.9438669438669439
wzg,wzg_seq21.pdb,wzg_seq25.pdb,0.51048,0.9833679833679834
wzg,wzg_seq21.pdb,wzg_seq49.pdb,0.41233,0.9771309771309772
wzg,wzg_seq21.pdb,wzg_seq1.pdb,0.44495,0.9604166666666667
wzg,wzg_seq21.pdb,wzg_seq54.pdb,0.61128,0.9708333333333333
wzg,wzg_seq21.pdb,wzg_seq13.pdb,0.43739,0.9604166666666667
wzg,wzg_seq21.pdb,wzg_seq58.pdb,0.56118,0.975051975051975
wzg,wzg_seq21.pdb,wzg_seq10.pdb,0.35485,0.9771309771309772
wzg,wzg_seq21.pdb,wzg_seq51.pdb,0.43163,0.9812889812889813
wzg,wzg_seq21.pdb,wzg_seq17.pdb,0.36386,0.9251559251559252
wzg,wzg_seq21.pdb,wzg_seq33.pdb,0.51073,0.975051975051975
wzg,wzg_seq21.pdb,wzg_seq30.pdb,0.41359,0.9376299376299376
wzg,wzg_seq21.pdb,wzg_seq8.pdb,0.50812,0.9792099792099792
wzg,wzg_seq21.pdb,wzg_seq44.pdb,0.33086,0.6743215031315241
wzg,wzg_seq21.pdb,wzg_seq37.pdb,0.31727,0.9625779625779626
wzg,wzg_seq21.pdb,wzg_seq4.pdb,0.44514,0.972972972972973
wzg,wzg_seq21.pdb,wzg_seq46.pdb,0.3727,0.972972972972973
wzg,wzg_seq21.pdb,wzg_seq55.pdb,0.36862,0.9584199584199584
wzg,wzg_seq21.pdb,wzg_seq57.pdb,0.28103,0.6743215031315241
wzg,wzg_seq21.pdb,wzg_seq28.pdb,0.4963,0.9604166666666667
wzg,wzg_seq21.pdb,wzg_seq35.pdb,0.39587,0.9771309771309772
wzg,wzg_seq21.pdb,wzg_seq63.pdb,0.35966,0.9771309771309772
wzg,wzg_seq21.pdb,wzg_seq3.pdb,0.37424,0.9604989604989606
wzg,wzg_seq21.pdb,wzg_seq29.pdb,0.44403,0.975
wzg,wzg_seq21.pdb,wzg_seq31.pdb,0.38988,0.9438669438669439
wzg,wzg_seq21.pdb,wzg_seq61.pdb,0.52086,0.9937629937629938
wzg,wzg_seq21.pdb,wzg_seq20.pdb,0.62269,0.9792099792099792
wzg,wzg_seq21.pdb,wzg_seq41.pdb,0.53172,0.975
wzg,wzg_seq21.pdb,wzg_seq23.pdb,0.36813,0.9563409563409564
wzg,wzg_seq21.pdb,wzg_seq11.pdb,0.61327,0.9792099792099792
wzg,wzg_seq21.pdb,wzg_seq5.pdb,0.39225,0.9688149688149689
wzg,wzg_seq21.pdb,wzg_seq56.pdb,0.38312,0.95625
wzg,wzg_seq50.pdb,wzg_seq60.pdb,0.36807,0.9688149688149689
wzg,wzg_seq50.pdb,wzg_seq32.pdb,0.5149,0.9354166666666667
wzg,wzg_seq50.pdb,wzg_seq16.pdb,0.4858,0.9645833333333333
wzg,wzg_seq50.pdb,wzg_seq39.pdb,0.51915,0.9729166666666667
wzg,wzg_seq50.pdb,wzg_seq34.pdb,0.41384,0.9458333333333333
wzg,wzg_seq50.pdb,wzg_seq25.pdb,0.39066,0.9708333333333333
wzg,wzg_seq50.pdb,wzg_seq49.pdb,0.44569,0.9666666666666667
wzg,wzg_seq50.pdb,wzg_seq1.pdb,0.45409,0.9833679833679834
wzg,wzg_seq50.pdb,wzg_seq54.pdb,0.38914,0.9937629937629938
wzg,wzg_seq50.pdb,wzg_seq13.pdb,0.38291,0.9812889812889813
wzg,wzg_seq50.pdb,wzg_seq58.pdb,0.38786,0.96875
wzg,wzg_seq50.pdb,wzg_seq10.pdb,0.4475,0.9625779625779626
wzg,wzg_seq50.pdb,wzg_seq51.pdb,0.51531,0.9708333333333333
wzg,wzg_seq50.pdb,wzg_seq17.pdb,0.44516,0.9334719334719335
wzg,wzg_seq50.pdb,wzg_seq33.pdb,0.4687,0.9645833333333333
wzg,wzg_seq50.pdb,wzg_seq30.pdb,0.56725,0.9291666666666667
wzg,wzg_seq50.pdb,wzg_seq8.pdb,0.52001,0.96875
wzg,wzg_seq50.pdb,wzg_seq44.pdb,0.35088,0.6820083682008368
wzg,wzg_seq50.pdb,wzg_seq37.pdb,0.42871,0.9541666666666667
wzg,wzg_seq50.pdb,wzg_seq4.pdb,0.44487,0.9645833333333333
wzg,wzg_seq50.pdb,wzg_seq46.pdb,0.48392,0.96875
wzg,wzg_seq50.pdb,wzg_seq55.pdb,0.41512,0.95
wzg,wzg_seq50.pdb,wzg_seq57.pdb,0.31301,0.6820083682008368
wzg,wzg_seq50.pdb,wzg_seq28.pdb,0.52864,0.9812889812889813
wzg,wzg_seq50.pdb,wzg_seq35.pdb,0.4259,0.96875
wzg,wzg_seq50.pdb,wzg_seq63.pdb,0.35502,0.9708333333333333
wzg,wzg_seq50.pdb,wzg_seq3.pdb,0.43613,0.954070981210856
wzg,wzg_seq50.pdb,wzg_seq29.pdb,0.47549,0.997920997920998
wzg,wzg_seq50.pdb,wzg_seq31.pdb,0.45929,0.9354166666666667
wzg,wzg_seq50.pdb,wzg_seq61.pdb,0.35354,0.9708333333333333
wzg,wzg_seq50.pdb,wzg_seq20.pdb,0.38657,0.9729166666666667
wzg,wzg_seq50.pdb,wzg_seq41.pdb,0.499,0.9937629937629938
wzg,wzg_seq50.pdb,wzg_seq23.pdb,0.40807,0.9479166666666666
wzg,wzg_seq50.pdb,wzg_seq11.pdb,0.44916,0.96875
wzg,wzg_seq50.pdb,wzg_seq5.pdb,0.41014,0.95625
wzg,wzg_seq50.pdb,wzg_seq56.pdb,0.47507,0.9771309771309772
wzg,wzg_seq60.pdb,wzg_seq32.pdb,0.40425,0.9270833333333334
wzg,wzg_seq60.pdb,wzg_seq16.pdb,0.3412,0.95
wzg,wzg_seq60.pdb,wzg_seq39.pdb,0.37642,0.9541666666666667
wzg,wzg_seq60.pdb,wzg_seq34.pdb,0.3761,0.9354166666666667
wzg,wzg_seq60.pdb,wzg_seq25.pdb,0.38303,0.9520833333333333
wzg,wzg_seq60.pdb,wzg_seq49.pdb,0.47226,0.9583333333333334
wzg,wzg_seq60.pdb,wzg_seq1.pdb,0.41412,0.9667359667359667
wzg,wzg_seq60.pdb,wzg_seq54.pdb,0.42854,0.9708939708939709
wzg,wzg_seq60.pdb,wzg_seq13.pdb,0.48636,0.9667359667359667
wzg,wzg_seq60.pdb,wzg_seq58.pdb,0.42287,0.95625
wzg,wzg_seq60.pdb,wzg_seq10.pdb,0.36407,0.9501039501039501
wzg,wzg_seq60.pdb,wzg_seq51.pdb,0.47218,0.9583333333333334
wzg,wzg_seq60.pdb,wzg_seq17.pdb,0.36671,0.9272349272349273
wzg,wzg_seq60.pdb,wzg_seq33.pdb,0.38463,0.95
wzg,wzg_seq60.pdb,wzg_seq30.pdb,0.35521,0.9125
wzg,wzg_seq60.pdb,wzg_seq8.pdb,0.45112,0.9479166666666666
wzg,wzg_seq60.pdb,wzg_seq44.pdb,0.3616,0.6820083682008368
wzg,wzg_seq60.pdb,wzg_seq37.pdb,0.35379,0.9333333333333333
wzg,wzg_seq60.pdb,wzg_seq4.pdb,0.44314,0.9479166666666666
wzg,wzg_seq60.pdb,wzg_seq46.pdb,0.36168,0.9458333333333333
wzg,wzg_seq60.pdb,wzg_seq55.pdb,0.42231,0.9333333333333333
wzg,wzg_seq60.pdb,wzg_seq57.pdb,0.33838,0.6820083682008368
wzg,wzg_seq60.pdb,wzg_seq28.pdb,0.47709,0.9667359667359667
wzg,wzg_seq60.pdb,wzg_seq35.pdb,0.37194,0.9583333333333334
wzg,wzg_seq60.pdb,wzg_seq63.pdb,0.33084,0.95
wzg,wzg_seq60.pdb,wzg_seq3.pdb,0.37828,0.9331941544885177
wzg,wzg_seq60.pdb,wzg_seq29.pdb,0.41588,0.9708939708939709
wzg,wzg_seq60.pdb,wzg_seq31.pdb,0.36331,0.9270833333333334
wzg,wzg_seq60.pdb,wzg_seq61.pdb,0.42306,0.9479166666666666
wzg,wzg_seq60.pdb,wzg_seq20.pdb,0.43995,0.95
wzg,wzg_seq60.pdb,wzg_seq41.pdb,0.47477,0.9708939708939709
wzg,wzg_seq60.pdb,wzg_seq23.pdb,0.36252,0.93125
wzg,wzg_seq60.pdb,wzg_seq11.pdb,0.39252,0.9479166666666666
wzg,wzg_seq60.pdb,wzg_seq5.pdb,0.35586,0.95
wzg,wzg_seq60.pdb,wzg_seq56.pdb,0.42098,0.9604989604989606
wzg,wzg_seq32.pdb,wzg_seq16.pdb,0.42603,0.9459459459459459
wzg,wzg_seq32.pdb,wzg_seq39.pdb,0.62626,0.9563409563409564
wzg,wzg_seq32.pdb,wzg_seq34.pdb,0.43235,0.920997920997921
wzg,wzg_seq32.pdb,wzg_seq25.pdb,0.48995,0.9542619542619543
wzg,wzg_seq32.pdb,wzg_seq49.pdb,0.48442,0.9542619542619543
wzg,wzg_seq32.pdb,wzg_seq1.pdb,0.54813,0.9375
wzg,wzg_seq32.pdb,wzg_seq54.pdb,0.46172,0.9354166666666667
wzg,wzg_seq32.pdb,wzg_seq13.pdb,0.44836,0.93125
wzg,wzg_seq32.pdb,wzg_seq58.pdb,0.44308,0.9521829521829522
wzg,wzg_seq32.pdb,wzg_seq10.pdb,0.3963,0.9480249480249481
wzg,wzg_seq32.pdb,wzg_seq51.pdb,0.49572,0.9584199584199584
wzg,wzg_seq32.pdb,wzg_seq17.pdb,0.40568,0.9022869022869023
wzg,wzg_seq32.pdb,wzg_seq33.pdb,0.59463,0.9459459459459459
wzg,wzg_seq32.pdb,wzg_seq30.pdb,0.54216,0.9563409563409564
wzg,wzg_seq32.pdb,wzg_seq8.pdb,0.59837,0.9480249480249481
wzg,wzg_seq32.pdb,wzg_seq44.pdb,0.31719,0.6903765690376569
wzg,wzg_seq32.pdb,wzg_seq37.pdb,0.4187,0.9771309771309772
wzg,wzg_seq32.pdb,wzg_seq4.pdb,0.41127,0.9542619542619543
wzg,wzg_seq32.pdb,wzg_seq46.pdb,0.35192,0.9480249480249481
wzg,wzg_seq32.pdb,wzg_seq55.pdb,0.44567,0.9771309771309772
wzg,wzg_seq32.pdb,wzg_seq57.pdb,0.27966,0.6903765690376569
wzg,wzg_seq32.pdb,wzg_seq28.pdb,0.61309,0.93125
wzg,wzg_seq32.pdb,wzg_seq35.pdb,0.4341,0.9604989604989606
wzg,wzg_seq32.pdb,wzg_seq63.pdb,0.35934,0.9480249480249481
wzg,wzg_seq32.pdb,wzg_seq3.pdb,0.39074,0.9708939708939709
wzg,wzg_seq32.pdb,wzg_seq29.pdb,0.57326,0.9354166666666667
wzg,wzg_seq32.pdb,wzg_seq31.pdb,0.55824,1.0
wzg,wzg_seq32.pdb,wzg_seq61.pdb,0.41824,0.9480249480249481
wzg,wzg_seq32.pdb,wzg_seq20.pdb,0.53293,0.9480249480249481
wzg,wzg_seq32.pdb,wzg_seq41.pdb,0.62034,0.9354166666666667
wzg,wzg_seq32.pdb,wzg_seq23.pdb,0.4581,0.975051975051975
wzg,wzg_seq32.pdb,wzg_seq11.pdb,0.52161,0.9480249480249481
wzg,wzg_seq32.pdb,wzg_seq5.pdb,0.38961,0.9521829521829522
wzg,wzg_seq32.pdb,wzg_seq56.pdb,0.43978,0.9291666666666667
wzg,wzg_seq16.pdb,wzg_seq39.pdb,0.40028,0.9792099792099792
wzg,wzg_seq16.pdb,wzg_seq34.pdb,0.36994,0.9646569646569647
wzg,wzg_seq16.pdb,wzg_seq25.pdb,0.32032,0.9792099792099792
wzg,wzg_seq16.pdb,wzg_seq49.pdb,0.34244,0.9771309771309772
wzg,wzg_seq16.pdb,wzg_seq1.pdb,0.38245,0.9604166666666667
wzg,wzg_seq16.pdb,wzg_seq54.pdb,0.35084,0.9666666666666667
wzg,wzg_seq16.pdb,wzg_seq13.pdb,0.38171,0.9604166666666667
wzg,wzg_seq16.pdb,wzg_seq58.pdb,0.35764,0.975051975051975
wzg,wzg_seq16.pdb,wzg_seq10.pdb,0.39651,0.975051975051975
wzg,wzg_seq16.pdb,wzg_seq51.pdb,0.44076,0.9812889812889813
wzg,wzg_seq16.pdb,wzg_seq17.pdb,0.44187,0.9459459459459459
wzg,wzg_seq16.pdb,wzg_seq33.pdb,0.43633,1.0
wzg,wzg_seq16.pdb,wzg_seq30.pdb,0.46937,0.9397089397089398
wzg,wzg_seq16.pdb,wzg_seq8.pdb,0.42083,0.975051975051975
wzg,wzg_seq16.pdb,wzg_seq44.pdb,0.32752,0.6784968684759917
wzg,wzg_seq16.pdb,wzg_seq37.pdb,0.46034,0.9604989604989606
wzg,wzg_seq16.pdb,wzg_seq4.pdb,0.41655,0.972972972972973
wzg,wzg_seq16.pdb,wzg_seq46.pdb,0.43682,0.9688149688149689
wzg,wzg_seq16.pdb,wzg_seq55.pdb,0.4203,0.9563409563409564
wzg,wzg_seq16.pdb,wzg_seq57.pdb,0.31529,0.6784968684759917
wzg,wzg_seq16.pdb,wzg_seq28.pdb,0.46505,0.9604166666666667
wzg,wzg_seq16.pdb,wzg_seq35.pdb,0.42567,0.9771309771309772
wzg,wzg_seq16.pdb,wzg_seq63.pdb,0.35797,0.975051975051975
wzg,wzg_seq16.pdb,wzg_seq3.pdb,0.3644,0.9584199584199584
wzg,wzg_seq16.pdb,wzg_seq29.pdb,0.45632,0.9666666666666667
wzg,wzg_seq16.pdb,wzg_seq31.pdb,0.439,0.9459459459459459
wzg,wzg_seq16.pdb,wzg_seq61.pdb,0.40768,0.9812889812889813
wzg,wzg_seq16.pdb,wzg_seq20.pdb,0.36337,0.9708939708939709
wzg,wzg_seq16.pdb,wzg_seq41.pdb,0.44109,0.9708333333333333
wzg,wzg_seq16.pdb,wzg_seq23.pdb,0.42792,0.9542619542619543
wzg,wzg_seq16.pdb,wzg_seq11.pdb,0.38726,0.975051975051975
wzg,wzg_seq16.pdb,wzg_seq5.pdb,0.41624,0.972972972972973
wzg,wzg_seq16.pdb,wzg_seq56.pdb,0.47566,0.95625
wzg,wzg_seq39.pdb,wzg_seq34.pdb,0.43977,0.9521829521829522
wzg,wzg_seq39.pdb,wzg_seq25.pdb,0.3901,0.997920997920998
wzg,wzg_seq39.pdb,wzg_seq49.pdb,0.40738,0.9854469854469855
wzg,wzg_seq39.pdb,wzg_seq1.pdb,0.41874,0.9645833333333333
wzg,wzg_seq39.pdb,wzg_seq54.pdb,0.43831,0.9708333333333333
wzg,wzg_seq39.pdb,wzg_seq13.pdb,0.4531,0.9625
wzg,wzg_seq39.pdb,wzg_seq58.pdb,0.38389,0.9833679833679834
wzg,wzg_seq39.pdb,wzg_seq10.pdb,0.38181,0.9792099792099792
wzg,wzg_seq39.pdb,wzg_seq51.pdb,0.465,0.9896049896049897
wzg,wzg_seq39.pdb,wzg_seq17.pdb,0.35157,0.9293139293139293
wzg,wzg_seq39.pdb,wzg_seq33.pdb,0.46577,0.9792099792099792
wzg,wzg_seq39.pdb,wzg_seq30.pdb,0.5083,0.9459459459459459
wzg,wzg_seq39.pdb,wzg_seq8.pdb,0.43888,0.9833679833679834
wzg,wzg_seq39.pdb,wzg_seq44.pdb,0.32185,0.6778242677824268
wzg,wzg_seq39.pdb,wzg_seq37.pdb,0.40554,0.9708939708939709
wzg,wzg_seq39.pdb,wzg_seq4.pdb,0.44122,0.9812889812889813
wzg,wzg_seq39.pdb,wzg_seq46.pdb,0.36214,0.9812889812889813
wzg,wzg_seq39.pdb,wzg_seq55.pdb,0.42274,0.9708939708939709
wzg,wzg_seq39.pdb,wzg_seq57.pdb,0.28454,0.6778242677824268
wzg,wzg_seq39.pdb,wzg_seq28.pdb,0.50154,0.9666666666666667
wzg,wzg_seq39.pdb,wzg_seq35.pdb,0.39776,0.9896049896049897
wzg,wzg_seq39.pdb,wzg_seq63.pdb,0.47052,0.9833679833679834
wzg,wzg_seq39.pdb,wzg_seq3.pdb,0.35245,0.9646569646569647
wzg,wzg_seq39.pdb,wzg_seq29.pdb,0.45927,0.975
wzg,wzg_seq39.pdb,wzg_seq31.pdb,0.57169,0.9563409563409564
wzg,wzg_seq39.pdb,wzg_seq61.pdb,0.43702,0.9854469854469855
wzg,wzg_seq39.pdb,wzg_seq20.pdb,0.43336,0.9875259875259875
wzg,wzg_seq39.pdb,wzg_seq41.pdb,0.50284,0.975
wzg,wzg_seq39.pdb,wzg_seq23.pdb,0.38961,0.9688149688149689
wzg,wzg_seq39.pdb,wzg_seq11.pdb,0.55148,0.9833679833679834
wzg,wzg_seq39.pdb,wzg_seq5.pdb,0.3812,0.9771309771309772
wzg,wzg_seq39.pdb,wzg_seq56.pdb,0.41951,0.9604166666666667
wzg,wzg_seq34.pdb,wzg_seq25.pdb,0.32009,0.9501039501039501
wzg,wzg_seq34.pdb,wzg_seq49.pdb,0.44245,0.9501039501039501
wzg,wzg_seq34.pdb,wzg_seq1.pdb,0.37506,0.94375
wzg,wzg_seq34.pdb,wzg_seq54.pdb,0.36199,0.9479166666666666
wzg,wzg_seq34.pdb,wzg_seq13.pdb,0.35491,0.9395833333333333
wzg,wzg_seq34.pdb,wzg_seq58.pdb,0.35788,0.9563409563409564
wzg,wzg_seq34.pdb,wzg_seq10.pdb,0.53266,0.9521829521829522
wzg,wzg_seq34.pdb,wzg_seq51.pdb,0.51005,0.9542619542619543
wzg,wzg_seq34.pdb,wzg_seq17.pdb,0.4158,0.9417879417879418
wzg,wzg_seq34.pdb,wzg_seq33.pdb,0.42703,0.9646569646569647
wzg,wzg_seq34.pdb,wzg_seq30.pdb,0.42405,0.9168399168399168
wzg,wzg_seq34.pdb,wzg_seq8.pdb,0.44042,0.9480249480249481
wzg,wzg_seq34.pdb,wzg_seq44.pdb,0.28917,0.6778242677824268
wzg,wzg_seq34.pdb,wzg_seq37.pdb,0.43599,0.9355509355509356
wzg,wzg_seq34.pdb,wzg_seq4.pdb,0.42643,0.9459459459459459
wzg,wzg_seq34.pdb,wzg_seq46.pdb,0.47918,0.9459459459459459
wzg,wzg_seq34.pdb,wzg_seq55.pdb,0.42507,0.9313929313929314
wzg,wzg_seq34.pdb,wzg_seq57.pdb,0.28777,0.6778242677824268
wzg,wzg_seq34.pdb,wzg_seq28.pdb,0.39295,0.9395833333333333
wzg,wzg_seq34.pdb,wzg_seq35.pdb,0.4496,0.9542619542619543
wzg,wzg_seq34.pdb,wzg_seq63.pdb,0.46255,0.9521829521829522
wzg,wzg_seq34.pdb,wzg_seq3.pdb,0.37551,0.9313929313929314
wzg,wzg_seq34.pdb,wzg_seq29.pdb,0.43013,0.9479166666666666
wzg,wzg_seq34.pdb,wzg_seq31.pdb,0.41204,0.920997920997921
wzg,wzg_seq34.pdb,wzg_seq61.pdb,0.36984,0.9501039501039501
wzg,wzg_seq34.pdb,wzg_seq20.pdb,0.3786,0.9480249480249481
wzg,wzg_seq34.pdb,wzg_seq41.pdb,0.45346,0.9479166666666666
wzg,wzg_seq34.pdb,wzg_seq23.pdb,0.34874,0.9293139293139293
wzg,wzg_seq34.pdb,wzg_seq11.pdb,0.44804,0.9480249480249481
wzg,wzg_seq34.pdb,wzg_seq5.pdb,0.48822,0.9459459459459459
wzg,wzg_seq34.pdb,wzg_seq56.pdb,0.38807,0.9395833333333333
wzg,wzg_seq25.pdb,wzg_seq49.pdb,0.39822,0.9833679833679834
wzg,wzg_seq25.pdb,wzg_seq1.pdb,0.38815,0.9625
wzg,wzg_seq25.pdb,wzg_seq54.pdb,0.49073,0.96875
wzg,wzg_seq25.pdb,wzg_seq13.pdb,0.38905,0.9645833333333333
wzg,wzg_seq25.pdb,wzg_seq58.pdb,0.46456,0.9812889812889813
wzg,wzg_seq25.pdb,wzg_seq10.pdb,0.32547,0.9792099792099792
wzg,wzg_seq25.pdb,wzg_seq51.pdb,0.45497,0.9875259875259875
wzg,wzg_seq25.pdb,wzg_seq17.pdb,0.36361,0.9293139293139293
wzg,wzg_seq25.pdb,wzg_seq33.pdb,0.51596,0.9792099792099792
wzg,wzg_seq25.pdb,wzg_seq30.pdb,0.44171,0.9438669438669439
wzg,wzg_seq25.pdb,wzg_seq8.pdb,0.43856,0.9833679833679834
wzg,wzg_seq25.pdb,wzg_seq44.pdb,0.31178,0.6722338204592901
wzg,wzg_seq25.pdb,wzg_seq37.pdb,0.37295,0.9688149688149689
wzg,wzg_seq25.pdb,wzg_seq4.pdb,0.33262,0.9792099792099792
wzg,wzg_seq25.pdb,wzg_seq46.pdb,0.3939,0.9792099792099792
wzg,wzg_seq25.pdb,wzg_seq55.pdb,0.39208,0.9688149688149689
wzg,wzg_seq25.pdb,wzg_seq57.pdb,0.27121,0.6722338204592901
wzg,wzg_seq25.pdb,wzg_seq28.pdb,0.48736,0.96875
wzg,wzg_seq25.pdb,wzg_seq35.pdb,0.33835,0.9875259875259875
wzg,wzg_seq25.pdb,wzg_seq63.pdb,0.32801,0.9812889812889813
wzg,wzg_seq25.pdb,wzg_seq3.pdb,0.31077,0.9646569646569647
wzg,wzg_seq25.pdb,wzg_seq29.pdb,0.40637,0.9729166666666667
wzg,wzg_seq25.pdb,wzg_seq31.pdb,0.3987,0.9542619542619543
wzg,wzg_seq25.pdb,wzg_seq61.pdb,0.4197,0.9854469854469855
wzg,wzg_seq25.pdb,wzg_seq20.pdb,0.48404,0.9854469854469855
wzg,wzg_seq25.pdb,wzg_seq41.pdb,0.49973,0.975
wzg,wzg_seq25.pdb,wzg_seq23.pdb,0.42047,0.9667359667359667
wzg,wzg_seq25.pdb,wzg_seq11.pdb,0.43716,0.9833679833679834
wzg,wzg_seq25.pdb,wzg_seq5.pdb,0.40668,0.9771309771309772
wzg,wzg_seq25.pdb,wzg_seq56.pdb,0.34339,0.9583333333333334
wzg,wzg_seq49.pdb,wzg_seq1.pdb,0.50063,0.9666666666666667
wzg,wzg_seq49.pdb,wzg_seq54.pdb,0.46879,0.96875
wzg,wzg_seq49.pdb,wzg_seq13.pdb,0.47708,0.9645833333333333
wzg,wzg_seq49.pdb,wzg_seq58.pdb,0.44643,0.9854469854469855
wzg,wzg_seq49.pdb,wzg_seq10.pdb,0.42239,0.9812889812889813
wzg,wzg_seq49.pdb,wzg_seq51.pdb,0.59786,0.9958419958419958
wzg,wzg_seq49.pdb,wzg_seq17.pdb,0.38254,0.9272349272349273
wzg,wzg_seq49.pdb,wzg_seq33.pdb,0.5053,0.9771309771309772
wzg,wzg_seq49.pdb,wzg_seq30.pdb,0.56343,0.9480249480249481
wzg,wzg_seq49.pdb,wzg_seq8.pdb,0.47905,0.9812889812889813
wzg,wzg_seq49.pdb,wzg_seq44.pdb,0.32047,0.6820083682008368
wzg,wzg_seq49.pdb,wzg_seq37.pdb,0.35967,0.9688149688149689
wzg,wzg_seq49.pdb,wzg_seq4.pdb,0.46658,0.9833679833679834
wzg,wzg_seq49.pdb,wzg_seq46.pdb,0.39593,0.9792099792099792
wzg,wzg_seq49.pdb,wzg_seq55.pdb,0.44504,0.9646569646569647
wzg,wzg_seq49.pdb,wzg_seq57.pdb,0.28983,0.6820083682008368
wzg,wzg_seq49.pdb,wzg_seq28.pdb,0.59331,0.9604166666666667
wzg,wzg_seq49.pdb,wzg_seq35.pdb,0.41779,0.9833679833679834
wzg,wzg_seq49.pdb,wzg_seq63.pdb,0.3284,0.9812889812889813
wzg,wzg_seq49.pdb,wzg_seq3.pdb,0.39955,0.9625779625779626
wzg,wzg_seq49.pdb,wzg_seq29.pdb,0.46815,0.96875
wzg,wzg_seq49.pdb,wzg_seq31.pdb,0.4561,0.9542619542619543
wzg,wzg_seq49.pdb,wzg_seq61.pdb,0.46195,0.9792099792099792
wzg,wzg_seq49.pdb,wzg_seq20.pdb,0.43502,0.9771309771309772
wzg,wzg_seq49.pdb,wzg_seq41.pdb,0.5066,0.96875
wzg,wzg_seq49.pdb,wzg_seq23.pdb,0.40537,0.9625779625779626
wzg,wzg_seq49.pdb,wzg_seq11.pdb,0.45399,0.9812889812889813
wzg,wzg_seq49.pdb,wzg_seq5.pdb,0.43805,0.975051975051975
wzg,wzg_seq49.pdb,wzg_seq56.pdb,0.44378,0.9625
wzg,wzg_seq1.pdb,wzg_seq54.pdb,0.44212,0.9854469854469855
wzg,wzg_seq1.pdb,wzg_seq13.pdb,0.41666,0.9771309771309772
wzg,wzg_seq1.pdb,wzg_seq58.pdb,0.42777,0.96875
wzg,wzg_seq1.pdb,wzg_seq10.pdb,0.39765,0.9625779625779626
wzg,wzg_seq1.pdb,wzg_seq51.pdb,0.44608,0.9708333333333333
wzg,wzg_seq1.pdb,wzg_seq17.pdb,0.39494,0.9334719334719335
wzg,wzg_seq1.pdb,wzg_seq33.pdb,0.55577,0.9604166666666667
wzg,wzg_seq1.pdb,wzg_seq30.pdb,0.47611,0.93125
wzg,wzg_seq1.pdb,wzg_seq8.pdb,0.55478,0.9645833333333333
wzg,wzg_seq1.pdb,wzg_seq44.pdb,0.29472,0.6820083682008368
wzg,wzg_seq1.pdb,wzg_seq37.pdb,0.38322,0.9520833333333333
wzg,wzg_seq1.pdb,wzg_seq4.pdb,0.40997,0.9645833333333333
wzg,wzg_seq1.pdb,wzg_seq46.pdb,0.33693,0.9625
wzg,wzg_seq1.pdb,wzg_seq55.pdb,0.38669,0.9479166666666666
wzg,wzg_seq1.pdb,wzg_seq57.pdb,0.29689,0.6820083682008368
wzg,wzg_seq1.pdb,wzg_seq28.pdb,0.55217,0.9771309771309772
wzg,wzg_seq1.pdb,wzg_seq35.pdb,0.37189,0.9625
wzg,wzg_seq1.pdb,wzg_seq63.pdb,0.37675,0.9645833333333333
wzg,wzg_seq1.pdb,wzg_seq3.pdb,0.39235,0.9519832985386222
wzg,wzg_seq1.pdb,wzg_seq29.pdb,0.54571,0.9854469854469855
wzg,wzg_seq1.pdb,wzg_seq31.pdb,0.43312,0.9375
wzg,wzg_seq1.pdb,wzg_seq61.pdb,0.38135,0.9583333333333334
wzg,wzg_seq1.pdb,wzg_seq20.pdb,0.52407,0.9604166666666667
wzg,wzg_seq1.pdb,wzg_seq41.pdb,0.5521,0.9854469854469855
wzg,wzg_seq1.pdb,wzg_seq23.pdb,0.42416,0.9458333333333333
wzg,wzg_seq1.pdb,wzg_seq11.pdb,0.43927,0.9645833333333333
wzg,wzg_seq1.pdb,wzg_seq5.pdb,0.40564,0.9541666666666667
wzg,wzg_seq1.pdb,wzg_seq56.pdb,0.40748,0.9771309771309772
wzg,wzg_seq54.pdb,wzg_seq13.pdb,0.46255,0.9833679833679834
wzg,wzg_seq54.pdb,wzg_seq58.pdb,0.69136,0.9708333333333333
wzg,wzg_seq54.pdb,wzg_seq10.pdb,0.33459,0.9646569646569647
wzg,wzg_seq54.pdb,wzg_seq51.pdb,0.45358,0.9729166666666667
wzg,wzg_seq54.pdb,wzg_seq17.pdb,0.40015,0.9355509355509356
wzg,wzg_seq54.pdb,wzg_seq33.pdb,0.46264,0.9666666666666667
wzg,wzg_seq54.pdb,wzg_seq30.pdb,0.40151,0.9291666666666667
wzg,wzg_seq54.pdb,wzg_seq8.pdb,0.40457,0.9708333333333333
wzg,wzg_seq54.pdb,wzg_seq44.pdb,0.30662,0.6820083682008368
wzg,wzg_seq54.pdb,wzg_seq37.pdb,0.37963,0.95
wzg,wzg_seq54.pdb,wzg_seq4.pdb,0.38696,0.9666666666666667
wzg,wzg_seq54.pdb,wzg_seq46.pdb,0.35758,0.9645833333333333
wzg,wzg_seq54.pdb,wzg_seq55.pdb,0.38862,0.9458333333333333
wzg,wzg_seq54.pdb,wzg_seq57.pdb,0.27539,0.6820083682008368
wzg,wzg_seq54.pdb,wzg_seq28.pdb,0.49293,0.9833679833679834
wzg,wzg_seq54.pdb,wzg_seq35.pdb,0.37837,0.9645833333333333
wzg,wzg_seq54.pdb,wzg_seq63.pdb,0.37114,0.9729166666666667
wzg,wzg_seq54.pdb,wzg_seq3.pdb,0.36143,0.9498956158663883
wzg,wzg_seq54.pdb,wzg_seq29.pdb,0.39318,0.9958419958419958
wzg,wzg_seq54.pdb,wzg_seq31.pdb,0.41971,0.9354166666666667
wzg,wzg_seq54.pdb,wzg_seq61.pdb,0.52144,0.96875
wzg,wzg_seq54.pdb,wzg_seq20.pdb,0.56181,0.9708333333333333
wzg,wzg_seq54.pdb,wzg_seq41.pdb,0.50798,0.9916839916839917
wzg,wzg_seq54.pdb,wzg_seq23.pdb,0.41358,0.94375
wzg,wzg_seq54.pdb,wzg_seq11.pdb,0.65371,0.9708333333333333
wzg,wzg_seq54.pdb,wzg_seq5.pdb,0.3776,0.95625
wzg,wzg_seq54.pdb,wzg_seq56.pdb,0.40567,0.9792099792099792
wzg,wzg_seq13.pdb,wzg_seq58.pdb,0.48164,0.9625
wzg,wzg_seq13.pdb,wzg_seq10.pdb,0.37182,0.9584199584199584
wzg,wzg_seq13.pdb,wzg_seq51.pdb,0.47934,0.9645833333333333
wzg,wzg_seq13.pdb,wzg_seq17.pdb,0.36522,0.9293139293139293
wzg,wzg_seq13.pdb,wzg_seq33.pdb,0.43192,0.9604166666666667
wzg,wzg_seq13.pdb,wzg_seq30.pdb,0.4057,0.9208333333333333
wzg,wzg_seq13.pdb,wzg_seq8.pdb,0.4655,0.9604166666666667
wzg,wzg_seq13.pdb,wzg_seq44.pdb,0.32849,0.6764091858037579
wzg,wzg_seq13.pdb,wzg_seq37.pdb,0.36337,0.9416666666666667
wzg,wzg_seq13.pdb,wzg_seq4.pdb,0.38435,0.9625
wzg,wzg_seq13.pdb,wzg_seq46.pdb,0.3106,0.95625
wzg,wzg_seq13.pdb,wzg_seq55.pdb,0.3785,0.9375
wzg,wzg_seq13.pdb,wzg_seq57.pdb,0.27277,0.6764091858037579
wzg,wzg_seq13.pdb,wzg_seq28.pdb,0.54054,0.9792099792099792
wzg,wzg_seq13.pdb,wzg_seq35.pdb,0.417,0.95625
wzg,wzg_seq13.pdb,wzg_seq63.pdb,0.36813,0.9625
wzg,wzg_seq13.pdb,wzg_seq3.pdb,0.39896,0.9436325678496869
wzg,wzg_seq13.pdb,wzg_seq29.pdb,0.43608,0.9833679833679834
wzg,wzg_seq13.pdb,wzg_seq31.pdb,0.44009,0.93125
wzg,wzg_seq13.pdb,wzg_seq61.pdb,0.45,0.9583333333333334
wzg,wzg_seq13.pdb,wzg_seq20.pdb,0.50163,0.9583333333333334
wzg,wzg_seq13.pdb,wzg_seq41.pdb,0.52904,0.9854469854469855
wzg,wzg_seq13.pdb,wzg_seq23.pdb,0.38196,0.9354166666666667
wzg,wzg_seq13.pdb,wzg_seq11.pdb,0.45197,0.9604166666666667
wzg,wzg_seq13.pdb,wzg_seq5.pdb,0.36861,0.95
wzg,wzg_seq13.pdb,wzg_seq56.pdb,0.40826,0.9708939708939709
wzg,wzg_seq58.pdb,wzg_seq10.pdb,0.36648,0.9916839916839917
wzg,wzg_seq58.pdb,wzg_seq51.pdb,0.45305,0.9896049896049897
wzg,wzg_seq58.pdb,wzg_seq17.pdb,0.39012,0.9334719334719335
wzg,wzg_seq58.pdb,wzg_seq33.pdb,0.46523,0.975051975051975
wzg,wzg_seq58.pdb,wzg_seq30.pdb,0.4086,0.9459459459459459
wzg,wzg_seq58.pdb,wzg_seq8.pdb,0.43751,0.9833679833679834
wzg,wzg_seq58.pdb,wzg_seq44.pdb,0.33378,0.6757322175732218
wzg,wzg_seq58.pdb,wzg_seq37.pdb,0.32951,0.9667359667359667
wzg,wzg_seq58.pdb,wzg_seq4.pdb,0.36276,0.9812889812889813
wzg,wzg_seq58.pdb,wzg_seq46.pdb,0.30964,0.9854469854469855
wzg,wzg_seq58.pdb,wzg_seq55.pdb,0.3561,0.9625779625779626
wzg,wzg_seq58.pdb,wzg_seq57.pdb,0.27586,0.6757322175732218
wzg,wzg_seq58.pdb,wzg_seq28.pdb,0.50997,0.9625
wzg,wzg_seq58.pdb,wzg_seq35.pdb,0.35482,0.9854469854469855
wzg,wzg_seq58.pdb,wzg_seq63.pdb,0.37037,0.9833679833679834
wzg,wzg_seq58.pdb,wzg_seq3.pdb,0.35677,0.9604989604989606
wzg,wzg_seq58.pdb,wzg_seq29.pdb,0.41652,0.9708333333333333
wzg,wzg_seq58.pdb,wzg_seq31.pdb,0.37954,0.9521829521829522
wzg,wzg_seq58.pdb,wzg_seq61.pdb,0.50748,0.9771309771309772
wzg,wzg_seq58.pdb,wzg_seq20.pdb,0.54152,0.9792099792099792
wzg,wzg_seq58.pdb,wzg_seq41.pdb,0.52631,0.9708333333333333
wzg,wzg_seq58.pdb,wzg_seq23.pdb,0.39293,0.9604989604989606
wzg,wzg_seq58.pdb,wzg_seq11.pdb,0.62994,0.9833679833679834
wzg,wzg_seq58.pdb,wzg_seq5.pdb,0.39452,0.9771309771309772
wzg,wzg_seq58.pdb,wzg_seq56.pdb,0.39438,0.9645833333333333
wzg,wzg_seq10.pdb,wzg_seq51.pdb,0.47785,0.9854469854469855
wzg,wzg_seq10.pdb,wzg_seq17.pdb,0.49236,0.9355509355509356
wzg,wzg_seq10.pdb,wzg_seq33.pdb,0.38034,0.975051975051975
wzg,wzg_seq10.pdb,wzg_seq30.pdb,0.43378,0.9417879417879418
wzg,wzg_seq10.pdb,wzg_seq8.pdb,0.43845,0.9833679833679834
wzg,wzg_seq10.pdb,wzg_seq44.pdb,0.34975,0.6722338204592901
wzg,wzg_seq10.pdb,wzg_seq37.pdb,0.41234,0.9625779625779626
wzg,wzg_seq10.pdb,wzg_seq4.pdb,0.47325,0.9771309771309772
wzg,wzg_seq10.pdb,wzg_seq46.pdb,0.3989,0.9771309771309772
wzg,wzg_seq10.pdb,wzg_seq55.pdb,0.40695,0.9584199584199584
wzg,wzg_seq10.pdb,wzg_seq57.pdb,0.30245,0.6722338204592901
wzg,wzg_seq10.pdb,wzg_seq28.pdb,0.42496,0.9584199584199584
wzg,wzg_seq10.pdb,wzg_seq35.pdb,0.39825,0.9812889812889813
wzg,wzg_seq10.pdb,wzg_seq63.pdb,0.36908,0.9792099792099792
wzg,wzg_seq10.pdb,wzg_seq3.pdb,0.41633,0.9604989604989606
wzg,wzg_seq10.pdb,wzg_seq29.pdb,0.45662,0.9646569646569647
wzg,wzg_seq10.pdb,wzg_seq31.pdb,0.3749,0.9480249480249481
wzg,wzg_seq10.pdb,wzg_seq61.pdb,0.34451,0.9771309771309772
wzg,wzg_seq10.pdb,wzg_seq20.pdb,0.38071,0.975051975051975
wzg,wzg_seq10.pdb,wzg_seq41.pdb,0.38671,0.9688149688149689
wzg,wzg_seq10.pdb,wzg_seq23.pdb,0.31841,0.9563409563409564
wzg,wzg_seq10.pdb,wzg_seq11.pdb,0.38523,0.9833679833679834
wzg,wzg_seq10.pdb,wzg_seq5.pdb,0.52526,0.9771309771309772
wzg,wzg_seq10.pdb,wzg_seq56.pdb,0.36573,0.9584199584199584
wzg,wzg_seq51.pdb,wzg_seq17.pdb,0.42012,0.9313929313929314
wzg,wzg_seq51.pdb,wzg_seq33.pdb,0.4913,0.9812889812889813
wzg,wzg_seq51.pdb,wzg_seq30.pdb,0.61382,0.9521829521829522
wzg,wzg_seq51.pdb,wzg_seq8.pdb,0.47866,0.9854469854469855
wzg,wzg_seq51.pdb,wzg_seq44.pdb,0.33233,0.6820083682008368
wzg,wzg_seq51.pdb,wzg_seq37.pdb,0.48388,0.972972972972973
wzg,wzg_seq51.pdb,wzg_seq4.pdb,0.4828,0.9875259875259875
wzg,wzg_seq51.pdb,wzg_seq46.pdb,0.47436,0.9833679833679834
wzg,wzg_seq51.pdb,wzg_seq55.pdb,0.40293,0.9688149688149689
wzg,wzg_seq51.pdb,wzg_seq57.pdb,0.27761,0.6820083682008368
wzg,wzg_seq51.pdb,wzg_seq28.pdb,0.59998,0.9645833333333333
wzg,wzg_seq51.pdb,wzg_seq35.pdb,0.43859,0.9875259875259875
wzg,wzg_seq51.pdb,wzg_seq63.pdb,0.40489,0.9854469854469855
wzg,wzg_seq51.pdb,wzg_seq3.pdb,0.40586,0.9667359667359667
wzg,wzg_seq51.pdb,wzg_seq29.pdb,0.45967,0.9729166666666667
wzg,wzg_seq51.pdb,wzg_seq31.pdb,0.46375,0.9584199584199584
wzg,wzg_seq51.pdb,wzg_seq61.pdb,0.44618,0.9833679833679834
wzg,wzg_seq51.pdb,wzg_seq20.pdb,0.44781,0.9812889812889813
wzg,wzg_seq51.pdb,wzg_seq41.pdb,0.51996,0.9729166666666667
wzg,wzg_seq51.pdb,wzg_seq23.pdb,0.40713,0.9667359667359667
wzg,wzg_seq51.pdb,wzg_seq11.pdb,0.43645,0.9854469854469855
wzg,wzg_seq51.pdb,wzg_seq5.pdb,0.49003,0.9792099792099792
wzg,wzg_seq51.pdb,wzg_seq56.pdb,0.51909,0.9666666666666667
wzg,wzg_seq17.pdb,wzg_seq33.pdb,0.42747,0.9459459459459459
wzg,wzg_seq17.pdb,wzg_seq30.pdb,0.39953,0.896049896049896
wzg,wzg_seq17.pdb,wzg_seq8.pdb,0.38916,0.9293139293139293
wzg,wzg_seq17.pdb,wzg_seq44.pdb,0.26601,0.6673640167364017
wzg,wzg_seq17.pdb,wzg_seq37.pdb,0.50772,0.9168399168399168
wzg,wzg_seq17.pdb,wzg_seq4.pdb,0.51614,0.9230769230769231
wzg,wzg_seq17.pdb,wzg_seq46.pdb,0.42646,0.9230769230769231
wzg,wzg_seq17.pdb,wzg_seq55.pdb,0.44326,0.9126819126819127
wzg,wzg_seq17.pdb,wzg_seq57.pdb,0.31825,0.6673640167364017
wzg,wzg_seq17.pdb,wzg_seq28.pdb,0.3983,0.9293139293139293
wzg,wzg_seq17.pdb,wzg_seq35.pdb,0.41644,0.9313929313929314
wzg,wzg_seq17.pdb,wzg_seq63.pdb,0.45977,0.9293139293139293
wzg,wzg_seq17.pdb,wzg_seq3.pdb,0.40757,0.9147609147609148
wzg,wzg_seq17.pdb,wzg_seq29.pdb,0.40044,0.9355509355509356
wzg,wzg_seq17.pdb,wzg_seq31.pdb,0.36709,0.9022869022869023
wzg,wzg_seq17.pdb,wzg_seq61.pdb,0.34309,0.9313929313929314
wzg,wzg_seq17.pdb,wzg_seq20.pdb,0.36509,0.9251559251559252
wzg,wzg_seq17.pdb,wzg_seq41.pdb,0.39472,0.9397089397089398
wzg,wzg_seq17.pdb,wzg_seq23.pdb,0.36088,0.9106029106029107
wzg,wzg_seq17.pdb,wzg_seq11.pdb,0.4072,0.9293139293139293
wzg,wzg_seq17.pdb,wzg_seq5.pdb,0.48696,0.9334719334719335
wzg,wzg_seq17.pdb,wzg_seq56.pdb,0.4322,0.9251559251559252
wzg,wzg_seq33.pdb,wzg_seq30.pdb,0.4607,0.9397089397089398
wzg,wzg_seq33.pdb,wzg_seq8.pdb,0.52915,0.975051975051975
wzg,wzg_seq33.pdb,wzg_seq44.pdb,0.32521,0.6784968684759917
wzg,wzg_seq33.pdb,wzg_seq37.pdb,0.38257,0.9604989604989606
wzg,wzg_seq33.pdb,wzg_seq4.pdb,0.39979,0.972972972972973
wzg,wzg_seq33.pdb,wzg_seq46.pdb,0.38635,0.9688149688149689
wzg,wzg_seq33.pdb,wzg_seq55.pdb,0.48835,0.9563409563409564
wzg,wzg_seq33.pdb,wzg_seq57.pdb,0.28814,0.6784968684759917
wzg,wzg_seq33.pdb,wzg_seq28.pdb,0.57221,0.9604166666666667
wzg,wzg_seq33.pdb,wzg_seq35.pdb,0.42004,0.9771309771309772
wzg,wzg_seq33.pdb,wzg_seq63.pdb,0.36091,0.975051975051975
wzg,wzg_seq33.pdb,wzg_seq3.pdb,0.33662,0.9584199584199584
wzg,wzg_seq33.pdb,wzg_seq29.pdb,0.5354,0.9666666666666667
wzg,wzg_seq33.pdb,wzg_seq31.pdb,0.44635,0.9459459459459459
wzg,wzg_seq33.pdb,wzg_seq61.pdb,0.44755,0.9812889812889813
wzg,wzg_seq33.pdb,wzg_seq20.pdb,0.49291,0.9708939708939709
wzg,wzg_seq33.pdb,wzg_seq41.pdb,0.56098,0.9708333333333333
wzg,wzg_seq33.pdb,wzg_seq23.pdb,0.40651,0.9542619542619543
wzg,wzg_seq33.pdb,wzg_seq11.pdb,0.45796,0.975051975051975
wzg,wzg_seq33.pdb,wzg_seq5.pdb,0.40305,0.972972972972973
wzg,wzg_seq33.pdb,wzg_seq56.pdb,0.43924,0.95625
wzg,wzg_seq30.pdb,wzg_seq8.pdb,0.49739,0.9417879417879418
wzg,wzg_seq30.pdb,wzg_seq44.pdb,0.29127,0.6799163179916318
wzg,wzg_seq30.pdb,wzg_seq37.pdb,0.41271,0.9708939708939709
wzg,wzg_seq30.pdb,wzg_seq4.pdb,0.47789,0.9438669438669439
wzg,wzg_seq30.pdb,wzg_seq46.pdb,0.42403,0.9417879417879418
wzg,wzg_seq30.pdb,wzg_seq55.pdb,0.40081,0.9667359667359667
wzg,wzg_seq30.pdb,wzg_seq57.pdb,0.2707,0.6799163179916318
wzg,wzg_seq30.pdb,wzg_seq28.pdb,0.62974,0.9208333333333333
wzg,wzg_seq30.pdb,wzg_seq35.pdb,0.38676,0.9501039501039501
wzg,wzg_seq30.pdb,wzg_seq63.pdb,0.37389,0.9459459459459459
wzg,wzg_seq30.pdb,wzg_seq3.pdb,0.38459,0.9667359667359667
wzg,wzg_seq30.pdb,wzg_seq29.pdb,0.51184,0.9291666666666667
wzg,wzg_seq30.pdb,wzg_seq31.pdb,0.4869,0.9563409563409564
wzg,wzg_seq30.pdb,wzg_seq61.pdb,0.39981,0.9417879417879418
wzg,wzg_seq30.pdb,wzg_seq20.pdb,0.40669,0.9376299376299376
wzg,wzg_seq30.pdb,wzg_seq41.pdb,0.55784,0.9291666666666667
wzg,wzg_seq30.pdb,wzg_seq23.pdb,0.40128,0.9646569646569647
wzg,wzg_seq30.pdb,wzg_seq11.pdb,0.49919,0.9417879417879418
wzg,wzg_seq30.pdb,wzg_seq5.pdb,0.4782,0.9417879417879418
wzg,wzg_seq30.pdb,wzg_seq56.pdb,0.47144,0.9270833333333334
wzg,wzg_seq8.pdb,wzg_seq44.pdb,0.32561,0.6743215031315241
wzg,wzg_seq8.pdb,wzg_seq37.pdb,0.36092,0.9625779625779626
wzg,wzg_seq8.pdb,wzg_seq4.pdb,0.42986,0.9771309771309772
wzg,wzg_seq8.pdb,wzg_seq46.pdb,0.37134,0.9771309771309772
wzg,wzg_seq8.pdb,wzg_seq55.pdb,0.36497,0.9584199584199584
wzg,wzg_seq8.pdb,wzg_seq57.pdb,0.30361,0.6743215031315241
wzg,wzg_seq8.pdb,wzg_seq28.pdb,0.63933,0.9604166666666667
wzg,wzg_seq8.pdb,wzg_seq35.pdb,0.31203,0.9771309771309772
wzg,wzg_seq8.pdb,wzg_seq63.pdb,0.35059,0.9812889812889813
wzg,wzg_seq8.pdb,wzg_seq3.pdb,0.41115,0.9604989604989606
wzg,wzg_seq8.pdb,wzg_seq29.pdb,0.60706,0.9708333333333333
wzg,wzg_seq8.pdb,wzg_seq31.pdb,0.37621,0.9480249480249481
wzg,wzg_seq8.pdb,wzg_seq61.pdb,0.41662,0.9812889812889813
wzg,wzg_seq8.pdb,wzg_seq20.pdb,0.48098,0.9792099792099792
wzg,wzg_seq8.pdb,wzg_seq41.pdb,0.63903,0.9708333333333333
wzg,wzg_seq8.pdb,wzg_seq23.pdb,0.36692,0.9563409563409564
wzg,wzg_seq8.pdb,wzg_seq11.pdb,0.44915,1.0
wzg,wzg_seq8.pdb,wzg_seq5.pdb,0.44193,0.972972972972973
wzg,wzg_seq8.pdb,wzg_seq56.pdb,0.37188,0.9604166666666667
wzg,wzg_seq44.pdb,wzg_seq37.pdb,0.30442,0.6882845188284519
wzg,wzg_seq44.pdb,wzg_seq4.pdb,0.30029,0.6799163179916318
wzg,wzg_seq44.pdb,wzg_seq46.pdb,0.35987,0.6736401673640168
wzg,wzg_seq44.pdb,wzg_seq55.pdb,0.34204,0.6882845188284519
wzg,wzg_seq44.pdb,wzg_seq57.pdb,0.35035,0.9979296066252588
wzg,wzg_seq44.pdb,wzg_seq28.pdb,0.33712,0.6764091858037579
wzg,wzg_seq44.pdb,wzg_seq35.pdb,0.32624,0.6820083682008368
wzg,wzg_seq44.pdb,wzg_seq63.pdb,0.29932,0.6799163179916318
wzg,wzg_seq44.pdb,wzg_seq3.pdb,0.37176,0.6847599164926931
wzg,wzg_seq44.pdb,wzg_seq29.pdb,0.34417,0.6820083682008368
wzg,wzg_seq44.pdb,wzg_seq31.pdb,0.33413,0.6903765690376569
wzg,wzg_seq44.pdb,wzg_seq61.pdb,0.31269,0.6743215031315241
wzg,wzg_seq44.pdb,wzg_seq20.pdb,0.3183,0.6855345911949685
wzg,wzg_seq44.pdb,wzg_seq41.pdb,0.33549,0.6784968684759917
wzg,wzg_seq44.pdb,wzg_seq23.pdb,0.33035,0.6841004184100419
wzg,wzg_seq44.pdb,wzg_seq11.pdb,0.33095,0.6743215031315241
wzg,wzg_seq44.pdb,wzg_seq5.pdb,0.32569,0.6764091858037579
wzg,wzg_seq44.pdb,wzg_seq56.pdb,0.29788,0.6820083682008368
wzg,wzg_seq37.pdb,wzg_seq4.pdb,0.47176,0.9646569646569647
wzg,wzg_seq37.pdb,wzg_seq46.pdb,0.49743,0.9667359667359667
wzg,wzg_seq37.pdb,wzg_seq55.pdb,0.4241,0.9916839916839917
wzg,wzg_seq37.pdb,wzg_seq57.pdb,0.27203,0.6882845188284519
wzg,wzg_seq37.pdb,wzg_seq28.pdb,0.37452,0.9416666666666667
wzg,wzg_seq37.pdb,wzg_seq35.pdb,0.59421,0.975051975051975
wzg,wzg_seq37.pdb,wzg_seq63.pdb,0.46093,0.9625779625779626
wzg,wzg_seq37.pdb,wzg_seq3.pdb,0.39648,0.9896049896049897
wzg,wzg_seq37.pdb,wzg_seq29.pdb,0.4119,0.9541666666666667
wzg,wzg_seq37.pdb,wzg_seq31.pdb,0.42944,0.9771309771309772
wzg,wzg_seq37.pdb,wzg_seq61.pdb,0.3734,0.9667359667359667
wzg,wzg_seq37.pdb,wzg_seq20.pdb,0.35313,0.9625779625779626
wzg,wzg_seq37.pdb,wzg_seq41.pdb,0.37181,0.9541666666666667
wzg,wzg_seq37.pdb,wzg_seq23.pdb,0.35413,0.9896049896049897
wzg,wzg_seq37.pdb,wzg_seq11.pdb,0.43172,0.9625779625779626
wzg,wzg_seq37.pdb,wzg_seq5.pdb,0.57959,0.9625779625779626
wzg,wzg_seq37.pdb,wzg_seq56.pdb,0.4763,0.94375
wzg,wzg_seq4.pdb,wzg_seq46.pdb,0.42115,0.975051975051975
wzg,wzg_seq4.pdb,wzg_seq55.pdb,0.56683,0.9604989604989606
wzg,wzg_seq4.pdb,wzg_seq57.pdb,0.26516,0.6799163179916318
wzg,wzg_seq4.pdb,wzg_seq28.pdb,0.45896,0.9666666666666667
wzg,wzg_seq4.pdb,wzg_seq35.pdb,0.38971,0.9792099792099792
wzg,wzg_seq4.pdb,wzg_seq63.pdb,0.43301,0.9771309771309772
wzg,wzg_seq4.pdb,wzg_seq3.pdb,0.44981,0.9584199584199584
wzg,wzg_seq4.pdb,wzg_seq29.pdb,0.42984,0.9666666666666667
wzg,wzg_seq4.pdb,wzg_seq31.pdb,0.41764,0.9542619542619543
wzg,wzg_seq4.pdb,wzg_seq61.pdb,0.37103,0.975051975051975
wzg,wzg_seq4.pdb,wzg_seq20.pdb,0.45066,0.972972972972973
wzg,wzg_seq4.pdb,wzg_seq41.pdb,0.40355,0.9666666666666667
wzg,wzg_seq4.pdb,wzg_seq23.pdb,0.4208,0.9584199584199584
wzg,wzg_seq4.pdb,wzg_seq11.pdb,0.45568,0.9771309771309772
wzg,wzg_seq4.pdb,wzg_seq5.pdb,0.5184,0.9708939708939709
wzg,wzg_seq4.pdb,wzg_seq56.pdb,0.50467,0.96875
wzg,wzg_seq46.pdb,wzg_seq55.pdb,0.40626,0.9625779625779626
wzg,wzg_seq46.pdb,wzg_seq57.pdb,0.3358,0.6736401673640168
wzg,wzg_seq46.pdb,wzg_seq28.pdb,0.37585,0.95625
wzg,wzg_seq46.pdb,wzg_seq35.pdb,0.43573,0.9812889812889813
wzg,wzg_seq46.pdb,wzg_seq63.pdb,0.38608,0.9771309771309772
wzg,wzg_seq46.pdb,wzg_seq3.pdb,0.32141,0.9604989604989606
wzg,wzg_seq46.pdb,wzg_seq29.pdb,0.37376,0.96875
wzg,wzg_seq46.pdb,wzg_seq31.pdb,0.35047,0.9480249480249481
wzg,wzg_seq46.pdb,wzg_seq61.pdb,0.34378,0.975051975051975
wzg,wzg_seq46.pdb,wzg_seq20.pdb,0.32786,0.9771309771309772
wzg,wzg_seq46.pdb,wzg_seq41.pdb,0.34625,0.96875
wzg,wzg_seq46.pdb,wzg_seq23.pdb,0.35466,0.9604989604989606
wzg,wzg_seq46.pdb,wzg_seq11.pdb,0.36537,0.9771309771309772
wzg,wzg_seq46.pdb,wzg_seq5.pdb,0.52778,0.9688149688149689
wzg,wzg_seq46.pdb,wzg_seq56.pdb,0.44034,0.9583333333333334
wzg,wzg_seq55.pdb,wzg_seq57.pdb,0.27598,0.6882845188284519
wzg,wzg_seq55.pdb,wzg_seq28.pdb,0.42068,0.9416666666666667
wzg,wzg_seq55.pdb,wzg_seq35.pdb,0.458,0.975051975051975
wzg,wzg_seq55.pdb,wzg_seq63.pdb,0.45164,0.9604989604989606
wzg,wzg_seq55.pdb,wzg_seq3.pdb,0.34432,0.9854469854469855
wzg,wzg_seq55.pdb,wzg_seq29.pdb,0.40247,0.95
wzg,wzg_seq55.pdb,wzg_seq31.pdb,0.4896,0.9771309771309772
wzg,wzg_seq55.pdb,wzg_seq61.pdb,0.3442,0.9625779625779626
wzg,wzg_seq55.pdb,wzg_seq20.pdb,0.42195,0.9625779625779626
wzg,wzg_seq55.pdb,wzg_seq41.pdb,0.44477,0.95
wzg,wzg_seq55.pdb,wzg_seq23.pdb,0.41216,0.9896049896049897
wzg,wzg_seq55.pdb,wzg_seq11.pdb,0.39901,0.9584199584199584
wzg,wzg_seq55.pdb,wzg_seq5.pdb,0.39645,0.9625779625779626
wzg,wzg_seq55.pdb,wzg_seq56.pdb,0.45799,0.9395833333333333
wzg,wzg_seq57.pdb,wzg_seq28.pdb,0.2602,0.6764091858037579
wzg,wzg_seq57.pdb,wzg_seq35.pdb,0.2875,0.6820083682008368
wzg,wzg_seq57.pdb,wzg_seq63.pdb,0.30981,0.6799163179916318
wzg,wzg_seq57.pdb,wzg_seq3.pdb,0.24469,0.6847599164926931
wzg,wzg_seq57.pdb,wzg_seq29.pdb,0.34368,0.6820083682008368
wzg,wzg_seq57.pdb,wzg_seq31.pdb,0.28155,0.6903765690376569
wzg,wzg_seq57.pdb,wzg_seq61.pdb,0.26745,0.6743215031315241
wzg,wzg_seq57.pdb,wzg_seq20.pdb,0.30492,0.6855345911949685
wzg,wzg_seq57.pdb,wzg_seq41.pdb,0.27066,0.6784968684759917
wzg,wzg_seq57.pdb,wzg_seq23.pdb,0.28332,0.6841004184100419
wzg,wzg_seq57.pdb,wzg_seq11.pdb,0.2808,0.6743215031315241
wzg,wzg_seq57.pdb,wzg_seq5.pdb,0.24606,0.6764091858037579
wzg,wzg_seq57.pdb,wzg_seq56.pdb,0.32704,0.6820083682008368
wzg,wzg_seq28.pdb,wzg_seq35.pdb,0.38345,0.9604166666666667
wzg,wzg_seq28.pdb,wzg_seq63.pdb,0.36223,0.9625
wzg,wzg_seq28.pdb,wzg_seq3.pdb,0.3736,0.9436325678496869
wzg,wzg_seq28.pdb,wzg_seq29.pdb,0.5628,0.9833679833679834
wzg,wzg_seq28.pdb,wzg_seq31.pdb,0.49753,0.93125
wzg,wzg_seq28.pdb,wzg_seq61.pdb,0.48256,0.9583333333333334
wzg,wzg_seq28.pdb,wzg_seq20.pdb,0.52013,0.9625
wzg,wzg_seq28.pdb,wzg_seq41.pdb,0.80291,0.9854469854469855
wzg,wzg_seq28.pdb,wzg_seq23.pdb,0.44804,0.9395833333333333
wzg,wzg_seq28.pdb,wzg_seq11.pdb,0.49109,0.9604166666666667
wzg,wzg_seq28.pdb,wzg_seq5.pdb,0.43879,0.9541666666666667
wzg,wzg_seq28.pdb,wzg_seq56.pdb,0.43479,0.9792099792099792
wzg,wzg_seq35.pdb,wzg_seq63.pdb,0.37199,0.9771309771309772
wzg,wzg_seq35.pdb,wzg_seq3.pdb,0.35374,0.9688149688149689
wzg,wzg_seq35.pdb,wzg_seq29.pdb,0.36577,0.96875
wzg,wzg_seq35.pdb,wzg_seq31.pdb,0.41586,0.9604989604989606
wzg,wzg_seq35.pdb,wzg_seq61.pdb,0.34913,0.9833679833679834
wzg,wzg_seq35.pdb,wzg_seq20.pdb,0.36346,0.9812889812889813
wzg,wzg_seq35.pdb,wzg_seq41.pdb,0.39985,0.96875
wzg,wzg_seq35.pdb,wzg_seq23.pdb,0.36953,0.972972972972973
wzg,wzg_seq35.pdb,wzg_seq11.pdb,0.40254,0.9771309771309772
wzg,wzg_seq35.pdb,wzg_seq5.pdb,0.47631,0.9875259875259875
wzg,wzg_seq35.pdb,wzg_seq56.pdb,0.45022,0.9583333333333334
wzg,wzg_seq63.pdb,wzg_seq3.pdb,0.35135,0.9563409563409564
wzg,wzg_seq63.pdb,wzg_seq29.pdb,0.3587,0.9729166666666667
wzg,wzg_seq63.pdb,wzg_seq31.pdb,0.3107,0.9480249480249481
wzg,wzg_seq63.pdb,wzg_seq61.pdb,0.36901,0.9792099792099792
wzg,wzg_seq63.pdb,wzg_seq20.pdb,0.356,0.9812889812889813
wzg,wzg_seq63.pdb,wzg_seq41.pdb,0.34579,0.9708333333333333
wzg,wzg_seq63.pdb,wzg_seq23.pdb,0.33784,0.9563409563409564
wzg,wzg_seq63.pdb,wzg_seq11.pdb,0.34103,0.9812889812889813
wzg,wzg_seq63.pdb,wzg_seq5.pdb,0.39483,0.9688149688149689
wzg,wzg_seq63.pdb,wzg_seq56.pdb,0.35988,0.9645833333333333
wzg,wzg_seq3.pdb,wzg_seq29.pdb,0.38331,0.9479166666666666
wzg,wzg_seq3.pdb,wzg_seq31.pdb,0.34429,0.9708939708939709
wzg,wzg_seq3.pdb,wzg_seq61.pdb,0.37528,0.9646569646569647
wzg,wzg_seq3.pdb,wzg_seq20.pdb,0.38687,0.9563409563409564
wzg,wzg_seq3.pdb,wzg_seq41.pdb,0.38384,0.9520833333333333
wzg,wzg_seq3.pdb,wzg_seq23.pdb,0.34121,0.9833679833679834
wzg,wzg_seq3.pdb,wzg_seq11.pdb,0.38782,0.9604989604989606
wzg,wzg_seq3.pdb,wzg_seq5.pdb,0.43048,0.9604989604989606
wzg,wzg_seq3.pdb,wzg_seq56.pdb,0.3314,0.9375
wzg,wzg_seq29.pdb,wzg_seq31.pdb,0.45122,0.9354166666666667
wzg,wzg_seq29.pdb,wzg_seq61.pdb,0.39793,0.9729166666666667
wzg,wzg_seq29.pdb,wzg_seq20.pdb,0.43358,0.975
wzg,wzg_seq29.pdb,wzg_seq41.pdb,0.59191,0.9958419958419958
wzg,wzg_seq29.pdb,wzg_seq23.pdb,0.39099,0.9479166666666666
wzg,wzg_seq29.pdb,wzg_seq11.pdb,0.42542,0.9708333333333333
wzg,wzg_seq29.pdb,wzg_seq5.pdb,0.42895,0.95625
wzg,wzg_seq29.pdb,wzg_seq56.pdb,0.37487,0.9792099792099792
wzg,wzg_seq31.pdb,wzg_seq61.pdb,0.37667,0.9480249480249481
wzg,wzg_seq31.pdb,wzg_seq20.pdb,0.38854,0.9480249480249481
wzg,wzg_seq31.pdb,wzg_seq41.pdb,0.47446,0.9354166666666667
wzg,wzg_seq31.pdb,wzg_seq23.pdb,0.44552,0.975051975051975
wzg,wzg_seq31.pdb,wzg_seq11.pdb,0.52029,0.9480249480249481
wzg,wzg_seq31.pdb,wzg_seq5.pdb,0.42615,0.9521829521829522
wzg,wzg_seq31.pdb,wzg_seq56.pdb,0.43667,0.9291666666666667
wzg,wzg_seq61.pdb,wzg_seq20.pdb,0.52173,0.9812889812889813
wzg,wzg_seq61.pdb,wzg_seq41.pdb,0.51332,0.9729166666666667
wzg,wzg_seq61.pdb,wzg_seq23.pdb,0.37031,0.9604989604989606
wzg,wzg_seq61.pdb,wzg_seq11.pdb,0.47573,0.9812889812889813
wzg,wzg_seq61.pdb,wzg_seq5.pdb,0.38163,0.975051975051975
wzg,wzg_seq61.pdb,wzg_seq56.pdb,0.37897,0.9541666666666667
wzg,wzg_seq20.pdb,wzg_seq41.pdb,0.56184,0.9708333333333333
wzg,wzg_seq20.pdb,wzg_seq23.pdb,0.43742,0.9604989604989606
wzg,wzg_seq20.pdb,wzg_seq11.pdb,0.49163,0.9792099792099792
wzg,wzg_seq20.pdb,wzg_seq5.pdb,0.43593,0.9688149688149689
wzg,wzg_seq20.pdb,wzg_seq56.pdb,0.38397,0.95625
wzg,wzg_seq41.pdb,wzg_seq23.pdb,0.40775,0.9479166666666666
wzg,wzg_seq41.pdb,wzg_seq11.pdb,0.49335,0.9708333333333333
wzg,wzg_seq41.pdb,wzg_seq5.pdb,0.40998,0.9604166666666667
wzg,wzg_seq41.pdb,wzg_seq56.pdb,0.42641,0.9792099792099792
wzg,wzg_seq23.pdb,wzg_seq11.pdb,0.43858,0.9563409563409564
wzg,wzg_seq23.pdb,wzg_seq5.pdb,0.3533,0.9604989604989606
wzg,wzg_seq23.pdb,wzg_seq56.pdb,0.47697,0.9375
wzg,wzg_seq11.pdb,wzg_seq5.pdb,0.43127,0.972972972972973
wzg,wzg_seq11.pdb,wzg_seq56.pdb,0.44798,0.9604166666666667
wzg,wzg_seq5.pdb,wzg_seq56.pdb,0.48807,0.95
